station_id_1,station_id_2,num_trips,date,max_temperature_f,mean_temperature_f,min_temperature_f,max_dew_point_f,mean_dew_point_f,min_dew_point_f,max_humidity,mean_humidity,min_humidity,max_sea_level_pressure_inches,mean_sea_level_pressure_inches,min_sea_level_pressure_inches,max_visibility_miles,mean_visibility_miles,min_visibility_miles,max_wind_Speed_mph,mean_wind_speed_mph,max_gust_speed_mph,precipitation_inches,cloud_cover,events,wind_dir_degrees,zip_code,is_weekday
60,50,10,5/1/2014,92.0,75.0,58.0,48.0,45.0,35.0,60.0,41.0,21.0,30.09,30.06,30.03,10.0,10.0,10.0,22.0,6.0,26.0,0,3.0,,290.0,95113,1
60,50,11,11/17/2013,63.0,54.0,45.0,48.0,46.0,43.0,93.0,73.0,52.0,30.1,30.03,29.94,10.0,10.0,10.0,13.0,4.0,15.0,0,3.0,,225.0,95113,0
60,50,5,4/19/2015,70.0,60.0,50.0,54.0,49.0,46.0,89.0,70.0,51.0,29.99,29.94,29.87,10.0,10.0,8.0,15.0,6.0,20.0,0,4.0,,276.0,95113,0
60,50,9,9/27/2014,74.0,67.0,59.0,56.0,54.0,52.0,80.0,65.0,49.0,29.94,29.9,29.83,10.0,10.0,10.0,16.0,6.0,22.0,0,3.0,,304.0,95113,0
60,50,2,4/6/2014,76.0,61.0,46.0,51.0,47.0,43.0,93.0,65.0,36.0,30.24,30.18,30.1,10.0,10.0,10.0,16.0,5.0,23.0,0,2.0,,288.0,95113,0
60,50,17,5/21/2014,77.0,66.0,55.0,53.0,50.0,48.0,86.0,63.0,39.0,29.98,29.95,29.9,10.0,10.0,10.0,20.0,7.0,24.0,0,3.0,,51.0,95113,1
60,50,12,2/16/2014,63.0,55.0,47.0,54.0,45.0,33.0,100.0,67.0,34.0,30.21,30.13,30.05,10.0,9.0,2.0,14.0,5.0,23.0,0.04,5.0,Rain,307.0,95113,0
60,50,19,6/17/2014,78.0,65.0,52.0,48.0,44.0,37.0,83.0,54.0,24.0,29.96,29.92,29.9,10.0,10.0,10.0,21.0,10.0,24.0,0,1.0,,295.0,95113,1
60,50,12,8/13/2014,81.0,71.0,61.0,58.0,56.0,54.0,84.0,63.0,42.0,30.0,29.96,29.92,10.0,10.0,10.0,20.0,8.0,24.0,0,3.0,,313.0,95113,1
60,50,14,10/15/2013,79.0,63.0,47.0,44.0,37.0,30.0,66.0,43.0,19.0,30.04,30.0,29.94,10.0,10.0,10.0,17.0,5.0,21.0,0,0.0,,292.0,95113,1
60,50,19,4/25/2015,64.0,58.0,52.0,55.0,48.0,39.0,100.0,74.0,48.0,30.09,29.98,29.9,10.0,9.0,3.0,20.0,10.0,26.0,0.33,6.0,Rain,300.0,95113,0
60,50,18,5/15/2014,89.0,74.0,58.0,45.0,36.0,22.0,48.0,29.0,9.0,30.1,30.07,30.04,10.0,10.0,10.0,22.0,7.0,26.0,0,4.0,,312.0,95113,1
60,50,17,6/12/2015,86.0,72.0,58.0,59.0,57.0,54.0,93.0,65.0,37.0,29.84,29.79,29.73,10.0,10.0,9.0,16.0,6.0,20.0,0,0.0,,297.0,95113,1
60,50,15,4/11/2014,70.0,62.0,54.0,54.0,51.0,48.0,93.0,75.0,57.0,29.95,29.91,29.84,10.0,10.0,8.0,14.0,6.0,17.0,0,6.0,,305.0,95113,1
60,50,17,7/22/2014,79.0,71.0,62.0,59.0,56.0,55.0,84.0,66.0,48.0,30.11,30.06,30.04,10.0,10.0,10.0,20.0,8.0,24.0,T,4.0,Rain,319.0,95113,1
60,50,15,2/17/2015,59.0,57.0,54.0,52.0,50.0,48.0,93.0,83.0,72.0,30.18,30.12,30.04,10.0,6.0,2.0,12.0,5.0,14.0,0,8.0,,115.0,95113,1
60,50,12,4/6/2015,64.0,53.0,41.0,41.0,37.0,33.0,76.0,55.0,34.0,29.99,29.94,29.88,10.0,10.0,10.0,18.0,8.0,23.0,0,4.0,,143.0,95113,1
60,50,11,11/6/2013,74.0,60.0,46.0,39.0,36.0,32.0,65.0,44.0,22.0,30.26,30.2,30.16,10.0,10.0,10.0,9.0,2.0,13.0,0,4.0,,226.0,95113,1
60,50,6,2/28/2014,62.0,57.0,52.0,56.0,50.0,46.0,100.0,78.0,55.0,29.51,29.43,29.39,10.0,8.0,2.0,25.0,12.0,35.0,0.97,7.0,Rain,125.0,95113,1
60,50,9,7/12/2015,76.0,69.0,61.0,56.0,54.0,52.0,73.0,60.0,46.0,30.05,30.02,30.0,10.0,10.0,10.0,23.0,9.0,28.0,0,5.0,,312.0,95113,0
60,50,25,9/22/2013,72.0,63.0,53.0,55.0,52.0,47.0,93.0,69.0,44.0,30.02,29.96,29.92,10.0,10.0,10.0,22.0,7.0,25.0,0,2.0,,287.0,95113,0
60,50,17,8/12/2014,79.0,69.0,59.0,57.0,55.0,52.0,78.0,61.0,43.0,29.99,29.94,29.91,10.0,10.0,10.0,17.0,9.0,21.0,0,3.0,,272.0,95113,1
60,50,17,7/21/2015,76.0,69.0,62.0,60.0,57.0,56.0,84.0,69.0,54.0,29.94,29.9,29.85,10.0,10.0,10.0,17.0,7.0,21.0,0,3.0,,310.0,95113,1
60,50,12,8/2/2015,76.0,70.0,63.0,59.0,57.0,55.0,84.0,67.0,50.0,29.99,29.95,29.9,10.0,10.0,10.0,18.0,8.0,22.0,0,5.0,,318.0,95113,0
60,50,13,10/15/2014,73.0,66.0,58.0,56.0,53.0,48.0,84.0,63.0,41.0,30.03,29.97,29.87,10.0,10.0,10.0,18.0,8.0,28.0,T,5.0,,229.0,95113,1
60,50,17,1/16/2015,63.0,53.0,42.0,53.0,47.0,41.0,96.0,74.0,51.0,30.3,30.25,30.21,10.0,7.0,4.0,12.0,4.0,14.0,0,5.0,,260.0,95113,1
60,50,25,10/25/2013,69.0,58.0,47.0,53.0,49.0,46.0,93.0,69.0,45.0,30.18,30.13,30.09,10.0,8.0,3.0,10.0,2.0,13.0,0,5.0,,302.0,95113,1
60,50,17,4/12/2015,78.0,63.0,47.0,51.0,47.0,42.0,89.0,60.0,31.0,30.06,30.01,29.95,10.0,10.0,10.0,16.0,4.0,23.0,0,1.0,,280.0,95113,0
60,50,23,7/31/2014,80.0,71.0,61.0,61.0,59.0,57.0,97.0,74.0,51.0,29.99,29.94,29.88,10.0,10.0,8.0,14.0,6.0,15.0,0,4.0,,298.0,95113,1
60,50,9,10/23/2013,67.0,60.0,52.0,53.0,52.0,51.0,100.0,82.0,63.0,29.99,29.95,29.91,10.0,5.0,1.0,13.0,4.0,15.0,0,5.0,,310.0,95113,1
60,50,5,2/1/2015,67.0,53.0,39.0,45.0,38.0,32.0,71.0,53.0,34.0,30.17,30.12,30.06,10.0,10.0,10.0,14.0,2.0,17.0,T,5.0,,0.0,95113,0
60,50,12,1/13/2015,65.0,54.0,43.0,48.0,43.0,35.0,100.0,67.0,34.0,30.22,30.18,30.1,10.0,5.0,0.0,16.0,4.0,20.0,0,3.0,Fog,203.0,95113,1
60,50,21,8/7/2015,83.0,72.0,60.0,59.0,56.0,54.0,84.0,62.0,40.0,29.91,29.87,29.83,10.0,10.0,10.0,17.0,8.0,24.0,0,1.0,,317.0,95113,1
60,50,24,8/23/2014,79.0,70.0,60.0,58.0,55.0,48.0,90.0,63.0,36.0,29.96,29.9,29.85,10.0,10.0,10.0,16.0,8.0,22.0,0,3.0,,16.0,95113,0
60,50,23,1/27/2015,68.0,59.0,49.0,46.0,43.0,38.0,77.0,57.0,37.0,30.26,30.17,30.02,10.0,10.0,10.0,24.0,7.0,35.0,T,6.0,,122.0,95113,1
60,50,7,4/2/2015,70.0,57.0,44.0,41.0,35.0,28.0,71.0,47.0,22.0,30.2,30.16,30.13,10.0,10.0,10.0,21.0,7.0,24.0,0,0.0,,296.0,95113,1
60,50,11,5/6/2014,71.0,61.0,50.0,46.0,43.0,37.0,72.0,52.0,31.0,29.97,29.92,29.88,10.0,10.0,10.0,24.0,10.0,31.0,0,1.0,,311.0,95113,1
60,50,13,7/23/2015,73.0,65.0,57.0,55.0,53.0,51.0,80.0,65.0,49.0,30.06,29.99,29.92,10.0,10.0,10.0,18.0,8.0,23.0,0,3.0,,344.0,95113,1
60,50,23,5/10/2014,69.0,60.0,51.0,44.0,42.0,37.0,77.0,55.0,32.0,30.15,30.09,30.04,10.0,10.0,10.0,29.0,11.0,32.0,0,1.0,,299.0,95113,0
60,50,19,5/16/2014,78.0,67.0,56.0,53.0,48.0,40.0,83.0,59.0,35.0,30.09,30.05,30.0,10.0,10.0,10.0,18.0,8.0,22.0,0,4.0,,312.0,95113,1
60,50,11,6/30/2015,92.0,77.0,61.0,60.0,56.0,51.0,90.0,58.0,26.0,29.92,29.87,29.78,10.0,10.0,10.0,13.0,5.0,16.0,0,4.0,,304.0,95113,1
60,50,8,8/29/2013,81.0,72.0,63.0,62.0,61.0,59.0,87.0,69.0,51.0,30.06,30.02,29.96,10.0,10.0,10.0,16.0,7.0,24.0,0,4.0,,320.0,95113,1
60,50,23,10/14/2013,78.0,63.0,48.0,45.0,41.0,35.0,77.0,50.0,22.0,30.12,30.06,29.99,10.0,10.0,10.0,13.0,4.0,,0,0.0,,288.0,95113,1
60,50,7,10/25/2014,71.0,64.0,56.0,58.0,54.0,48.0,100.0,74.0,47.0,30.15,30.03,29.92,10.0,8.0,2.0,16.0,7.0,22.0,0.11,5.0,Rain,141.0,95113,0
60,50,10,1/15/2015,62.0,51.0,39.0,48.0,43.0,38.0,93.0,72.0,51.0,30.34,30.28,30.24,10.0,8.0,5.0,13.0,3.0,15.0,0,4.0,,211.0,95113,1
60,50,16,4/10/2015,70.0,58.0,46.0,47.0,42.0,31.0,82.0,58.0,33.0,30.07,30.02,29.99,10.0,10.0,10.0,16.0,6.0,20.0,0,2.0,,301.0,95113,1
60,50,22,6/6/2014,77.0,65.0,53.0,56.0,52.0,47.0,89.0,64.0,38.0,29.85,29.82,29.78,10.0,10.0,10.0,15.0,8.0,20.0,0,0.0,,282.0,95113,1
60,50,20,7/11/2014,76.0,68.0,59.0,56.0,54.0,53.0,78.0,64.0,49.0,30.08,30.0,29.94,10.0,10.0,10.0,20.0,9.0,24.0,0,2.0,,250.0,95113,1
60,50,6,2/6/2014,54.0,50.0,46.0,51.0,46.0,44.0,100.0,86.0,71.0,30.05,29.96,29.89,10.0,9.0,3.0,23.0,10.0,28.0,0.61,7.0,Rain,124.0,95113,1
60,50,18,6/22/2014,74.0,64.0,53.0,52.0,50.0,47.0,83.0,62.0,41.0,29.97,29.93,29.91,10.0,10.0,10.0,21.0,6.0,26.0,0,1.0,,317.0,95113,0
60,50,15,9/18/2014,80.0,72.0,64.0,64.0,59.0,53.0,93.0,68.0,42.0,29.9,29.83,29.78,10.0,10.0,10.0,18.0,8.0,23.0,T,5.0,,170.0,95113,1
60,50,24,9/7/2013,95.0,78.0,61.0,61.0,50.0,43.0,73.0,45.0,17.0,29.87,29.84,29.79,10.0,10.0,10.0,18.0,6.0,22.0,0,0.0,,297.0,95113,0
60,50,17,6/20/2014,83.0,70.0,56.0,52.0,48.0,41.0,83.0,55.0,26.0,29.99,29.96,29.93,10.0,10.0,10.0,23.0,7.0,28.0,0,4.0,,307.0,95113,1
60,50,13,6/8/2015,91.0,76.0,60.0,60.0,56.0,49.0,84.0,57.0,29.0,29.88,29.83,29.75,10.0,10.0,10.0,20.0,6.0,25.0,0,1.0,,300.0,95113,1
60,50,23,7/3/2015,81.0,72.0,62.0,62.0,59.0,56.0,90.0,71.0,51.0,29.96,29.91,29.85,10.0,10.0,10.0,18.0,7.0,22.0,T,2.0,,294.0,95113,1
60,50,21,7/26/2015,79.0,70.0,60.0,58.0,55.0,52.0,84.0,66.0,47.0,29.99,29.95,29.92,10.0,10.0,10.0,21.0,6.0,25.0,0,3.0,,335.0,95113,0
60,50,13,7/28/2014,82.0,71.0,60.0,60.0,58.0,54.0,90.0,68.0,45.0,30.05,30.02,29.99,10.0,10.0,10.0,15.0,5.0,18.0,0,4.0,,294.0,95113,1
60,50,19,9/3/2014,79.0,69.0,58.0,59.0,56.0,53.0,90.0,68.0,45.0,29.8,29.75,29.69,10.0,10.0,10.0,18.0,9.0,22.0,0,3.0,,114.0,95113,1
60,50,11,1/17/2014,69.0,54.0,39.0,38.0,32.0,29.0,60.0,42.0,24.0,30.19,30.14,30.11,10.0,10.0,9.0,8.0,2.0,10.0,0,0.0,,272.0,95113,1
60,50,27,8/22/2014,81.0,71.0,60.0,59.0,56.0,53.0,84.0,64.0,43.0,29.94,29.91,29.88,10.0,10.0,10.0,21.0,8.0,24.0,0,1.0,,312.0,95113,1
60,50,15,10/8/2013,75.0,63.0,51.0,49.0,44.0,39.0,83.0,56.0,29.0,29.91,29.84,29.75,10.0,10.0,10.0,16.0,6.0,26.0,0,2.0,,302.0,95113,1
60,50,4,11/28/2014,65.0,52.0,39.0,50.0,41.0,34.0,86.0,63.0,40.0,30.07,29.99,29.88,10.0,7.0,1.0,14.0,5.0,16.0,0,3.0,,134.0,95113,1
60,50,17,11/5/2014,77.0,62.0,47.0,49.0,46.0,43.0,83.0,58.0,33.0,30.22,30.14,30.07,10.0,10.0,10.0,9.0,2.0,9.0,0,2.0,,119.0,95113,1
60,50,20,7/10/2015,73.0,67.0,61.0,56.0,55.0,53.0,78.0,68.0,57.0,29.96,29.92,29.89,10.0,10.0,10.0,17.0,7.0,21.0,T,6.0,,308.0,95113,1
60,50,9,1/6/2014,62.0,50.0,38.0,37.0,34.0,30.0,70.0,53.0,36.0,30.28,30.21,30.16,10.0,10.0,10.0,9.0,1.0,12.0,0,5.0,,290.0,95113,1
60,50,8,7/5/2015,81.0,71.0,60.0,60.0,57.0,55.0,84.0,66.0,47.0,30.0,29.93,29.88,10.0,10.0,6.0,18.0,10.0,21.0,0,4.0,,151.0,95113,0
60,50,7,12/15/2013,62.0,47.0,31.0,37.0,34.0,31.0,92.0,64.0,36.0,30.36,30.3,30.24,10.0,9.0,7.0,7.0,1.0,8.0,0,3.0,,285.0,95113,0
60,50,10,3/13/2014,77.0,62.0,46.0,49.0,34.0,19.0,83.0,42.0,11.0,30.08,30.03,29.97,10.0,10.0,10.0,14.0,4.0,,0,0.0,,299.0,95113,1
60,50,15,8/24/2015,77.0,70.0,62.0,59.0,57.0,57.0,84.0,67.0,50.0,30.06,30.01,29.96,10.0,10.0,9.0,15.0,7.0,18.0,0,3.0,,305.0,95113,1
60,50,5,11/24/2013,65.0,53.0,41.0,41.0,39.0,36.0,89.0,62.0,34.0,30.26,30.18,30.12,10.0,10.0,10.0,10.0,3.0,13.0,0,0.0,,281.0,95113,0
60,50,7,7/16/2014,83.0,73.0,62.0,61.0,58.0,56.0,90.0,67.0,43.0,30.03,29.99,29.95,10.0,10.0,10.0,21.0,8.0,25.0,0,3.0,,277.0,95113,1
60,50,16,6/14/2014,88.0,72.0,55.0,53.0,49.0,34.0,80.0,48.0,15.0,29.94,29.89,29.84,10.0,10.0,10.0,22.0,6.0,28.0,0,2.0,,316.0,95113,0
60,50,10,12/18/2014,62.0,56.0,50.0,49.0,48.0,46.0,83.0,72.0,60.0,30.19,30.13,30.07,10.0,10.0,10.0,20.0,8.0,25.0,0,6.0,,126.0,95113,1
60,50,12,8/15/2014,81.0,69.0,57.0,59.0,56.0,54.0,84.0,63.0,42.0,30.0,29.97,29.93,10.0,10.0,10.0,14.0,7.0,17.0,0,1.0,,230.0,95113,1
60,50,8,3/1/2015,64.0,52.0,39.0,46.0,40.0,36.0,92.0,64.0,36.0,30.0,29.95,29.9,10.0,10.0,10.0,17.0,4.0,21.0,0,1.0,,282.0,95113,0
60,50,11,9/25/2013,70.0,63.0,55.0,50.0,45.0,41.0,77.0,57.0,37.0,29.95,29.9,29.85,10.0,10.0,10.0,24.0,12.0,29.0,0,1.0,,287.0,95113,1
60,50,5,3/31/2014,57.0,50.0,43.0,47.0,44.0,40.0,100.0,76.0,51.0,30.08,29.94,29.86,10.0,9.0,3.0,23.0,9.0,32.0,0.42,5.0,Rain,129.0,95113,1
60,50,2,11/29/2014,60.0,56.0,51.0,55.0,52.0,48.0,100.0,86.0,72.0,29.88,29.83,29.75,10.0,9.0,3.0,17.0,7.0,21.0,0.71,7.0,Rain,130.0,95113,0
60,50,10,4/3/2014,66.0,55.0,43.0,47.0,42.0,33.0,96.0,66.0,36.0,30.12,30.08,30.03,10.0,10.0,10.0,16.0,7.0,21.0,0,4.0,,149.0,95113,1
60,50,5,10/20/2013,74.0,62.0,50.0,54.0,51.0,43.0,100.0,67.0,33.0,30.03,29.99,29.91,10.0,7.0,2.0,10.0,3.0,13.0,0,3.0,,302.0,95113,0
60,50,7,8/1/2015,81.0,71.0,61.0,60.0,58.0,56.0,84.0,65.0,45.0,30.03,29.98,29.92,10.0,10.0,9.0,16.0,7.0,21.0,0,2.0,,315.0,95113,0
60,50,7,11/14/2014,66.0,59.0,51.0,52.0,50.0,46.0,96.0,78.0,60.0,30.12,30.09,30.06,10.0,10.0,10.0,14.0,4.0,17.0,0,4.0,,287.0,95113,1
60,50,16,5/1/2015,84.0,71.0,57.0,53.0,48.0,41.0,86.0,56.0,25.0,29.91,29.84,29.8,10.0,10.0,10.0,18.0,7.0,22.0,0,1.0,,251.0,95113,1
60,50,8,11/1/2014,63.0,56.0,48.0,52.0,48.0,44.0,100.0,78.0,55.0,30.05,29.9,29.76,10.0,10.0,7.0,18.0,5.0,22.0,0.02,4.0,Rain,145.0,95113,0
60,50,13,9/6/2014,76.0,67.0,58.0,57.0,55.0,53.0,84.0,67.0,50.0,29.97,29.92,29.88,10.0,8.0,5.0,16.0,6.0,18.0,0,3.0,,343.0,95113,0
60,50,9,6/30/2014,92.0,77.0,62.0,58.0,55.0,49.0,84.0,54.0,24.0,29.84,29.81,29.77,10.0,10.0,10.0,17.0,6.0,20.0,0,4.0,,288.0,95113,1
60,50,17,4/14/2015,66.0,57.0,47.0,45.0,34.0,20.0,68.0,43.0,18.0,30.33,30.26,30.19,10.0,10.0,10.0,22.0,11.0,28.0,0,1.0,,290.0,95113,1
60,50,11,1/2/2014,65.0,52.0,38.0,38.0,34.0,32.0,82.0,57.0,31.0,30.18,30.11,30.06,10.0,10.0,9.0,8.0,1.0,13.0,0,2.0,,259.0,95113,1
60,50,12,6/26/2014,77.0,69.0,60.0,59.0,54.0,49.0,90.0,64.0,38.0,30.01,29.98,29.94,10.0,10.0,10.0,22.0,10.0,25.0,0.01,4.0,,318.0,95113,1
60,50,8,2/26/2015,69.0,58.0,46.0,50.0,45.0,41.0,86.0,63.0,39.0,30.09,30.01,29.94,10.0,10.0,10.0,20.0,6.0,23.0,0,3.0,,309.0,95113,1
60,50,10,11/2/2014,65.0,55.0,45.0,48.0,45.0,40.0,93.0,68.0,43.0,30.17,30.12,30.05,10.0,10.0,10.0,18.0,5.0,21.0,0,1.0,,308.0,95113,0
60,50,5,5/23/2014,76.0,66.0,56.0,55.0,54.0,52.0,93.0,70.0,46.0,30.04,30.0,29.94,10.0,9.0,4.0,18.0,6.0,22.0,0,5.0,,307.0,95113,1
60,50,7,11/12/2013,71.0,62.0,53.0,54.0,49.0,43.0,86.0,61.0,35.0,30.26,30.23,30.16,10.0,10.0,7.0,13.0,3.0,16.0,0,3.0,,318.0,95113,1
60,50,12,7/1/2014,79.0,68.0,57.0,59.0,55.0,52.0,84.0,66.0,48.0,29.86,29.82,29.79,10.0,10.0,10.0,16.0,8.0,21.0,0,1.0,,238.0,95113,1
60,50,21,10/31/2014,63.0,58.0,53.0,57.0,54.0,52.0,100.0,86.0,72.0,29.92,29.84,29.75,10.0,9.0,1.0,15.0,5.0,20.0,0.51,7.0,Rain,151.0,95113,1
60,50,21,3/30/2015,71.0,61.0,50.0,52.0,48.0,44.0,86.0,70.0,53.0,30.1,30.05,30.01,10.0,10.0,10.0,21.0,6.0,23.0,0,3.0,,317.0,95113,1
60,50,18,8/30/2013,88.0,76.0,63.0,63.0,60.0,55.0,93.0,65.0,37.0,30.05,30.01,29.93,10.0,10.0,10.0,18.0,5.0,22.0,0,2.0,,316.0,95113,1
60,50,20,9/17/2014,83.0,71.0,59.0,60.0,56.0,46.0,90.0,60.0,30.0,29.83,29.79,29.73,10.0,10.0,7.0,20.0,6.0,26.0,0,3.0,,213.0,95113,1
60,50,10,7/5/2014,82.0,70.0,57.0,57.0,54.0,47.0,86.0,60.0,33.0,30.07,30.03,30.0,10.0,9.0,5.0,15.0,6.0,18.0,0,2.0,,298.0,95113,0
60,50,12,2/10/2014,62.0,57.0,51.0,54.0,52.0,50.0,100.0,86.0,72.0,30.28,30.22,30.12,10.0,9.0,2.0,14.0,5.0,16.0,0.01,7.0,,311.0,95113,1
60,50,7,12/13/2014,57.0,50.0,43.0,48.0,45.0,43.0,100.0,86.0,72.0,30.23,30.18,30.09,10.0,9.0,2.0,9.0,2.0,12.0,T,4.0,,194.0,95113,0
60,50,1,3/29/2014,63.0,57.0,50.0,56.0,50.0,47.0,96.0,82.0,67.0,30.15,30.07,30.02,10.0,10.0,5.0,18.0,9.0,23.0,0.33,6.0,Rain,152.0,95113,0
60,50,6,11/13/2014,66.0,60.0,53.0,58.0,54.0,52.0,93.0,80.0,67.0,30.08,30.02,29.95,10.0,9.0,2.0,14.0,7.0,18.0,0.14,7.0,Rain,117.0,95113,1
60,50,5,11/30/2013,65.0,53.0,41.0,44.0,42.0,38.0,89.0,67.0,44.0,30.27,30.24,30.19,10.0,10.0,10.0,10.0,3.0,13.0,0,1.0,,328.0,95113,0
60,50,13,6/27/2014,78.0,69.0,59.0,60.0,55.0,53.0,87.0,69.0,50.0,30.0,29.97,29.93,10.0,10.0,10.0,21.0,9.0,25.0,0,3.0,,319.0,95113,1
60,50,18,10/21/2013,70.0,61.0,51.0,55.0,52.0,49.0,100.0,74.0,47.0,30.01,29.97,29.92,10.0,7.0,2.0,9.0,3.0,14.0,0,3.0,,296.0,95113,1
60,50,16,9/10/2013,82.0,70.0,58.0,60.0,55.0,53.0,87.0,65.0,42.0,29.9,29.81,29.75,10.0,10.0,10.0,16.0,7.0,24.0,0,2.0,,142.0,95113,1
60,50,15,1/6/2015,63.0,51.0,39.0,41.0,39.0,36.0,85.0,62.0,39.0,30.29,30.22,30.17,10.0,9.0,7.0,6.0,1.0,8.0,0,1.0,,246.0,95113,1
60,50,18,8/11/2015,82.0,71.0,60.0,59.0,57.0,54.0,90.0,67.0,43.0,29.99,29.93,29.9,10.0,10.0,10.0,21.0,7.0,26.0,0.02,4.0,,309.0,95113,1
60,50,10,12/10/2013,53.0,41.0,28.0,29.0,25.0,22.0,78.0,55.0,32.0,30.4,30.29,30.21,10.0,10.0,10.0,7.0,1.0,8.0,0,1.0,,139.0,95113,1
60,50,18,4/15/2014,72.0,59.0,45.0,52.0,50.0,46.0,89.0,68.0,47.0,30.06,30.0,29.91,10.0,10.0,8.0,17.0,6.0,20.0,0,3.0,,310.0,95113,1
60,50,8,2/17/2014,61.0,50.0,39.0,46.0,40.0,36.0,86.0,64.0,42.0,30.19,30.15,30.11,10.0,10.0,10.0,16.0,6.0,20.0,0,3.0,,307.0,95113,1
60,50,18,5/12/2015,65.0,56.0,46.0,41.0,39.0,36.0,77.0,56.0,34.0,30.0,29.96,29.91,10.0,10.0,10.0,24.0,10.0,30.0,0,4.0,,281.0,95113,1
60,50,14,1/31/2014,60.0,52.0,44.0,45.0,40.0,30.0,86.0,60.0,33.0,30.09,30.04,29.93,10.0,10.0,10.0,17.0,6.0,20.0,0,3.0,,294.0,95113,1
60,50,22,3/8/2014,74.0,60.0,45.0,52.0,46.0,39.0,93.0,63.0,33.0,30.21,30.16,30.11,10.0,10.0,10.0,12.0,3.0,14.0,0,4.0,,318.0,95113,0
60,50,12,1/31/2015,71.0,57.0,43.0,45.0,33.0,23.0,100.0,60.0,19.0,30.06,29.97,29.91,10.0,10.0,10.0,22.0,5.0,29.0,0,0.0,,274.0,95113,0
60,50,10,2/24/2015,66.0,51.0,35.0,41.0,29.0,19.0,70.0,43.0,16.0,30.37,30.31,30.26,10.0,10.0,10.0,14.0,4.0,18.0,0,1.0,,294.0,95113,1
60,50,6,12/31/2014,55.0,46.0,37.0,20.0,13.0,4.0,44.0,29.0,13.0,30.27,30.17,30.07,10.0,10.0,10.0,20.0,6.0,26.0,0,1.0,,279.0,95113,1
60,50,13,7/17/2014,78.0,69.0,60.0,58.0,56.0,55.0,84.0,67.0,50.0,30.01,29.98,29.94,10.0,10.0,10.0,20.0,8.0,25.0,0,1.0,,330.0,95113,1
60,50,10,10/16/2013,82.0,66.0,50.0,42.0,36.0,33.0,59.0,39.0,18.0,30.09,30.04,30.01,10.0,10.0,10.0,15.0,3.0,17.0,0,1.0,,302.0,95113,1
60,50,10,8/17/2015,91.0,77.0,63.0,63.0,58.0,52.0,87.0,57.0,26.0,29.91,29.84,29.8,10.0,8.0,6.0,15.0,6.0,20.0,0,1.0,,295.0,95113,1
60,50,11,2/23/2014,68.0,57.0,45.0,50.0,46.0,40.0,93.0,64.0,35.0,30.04,29.99,29.94,10.0,9.0,5.0,16.0,3.0,20.0,0,3.0,,284.0,95113,0
60,50,14,11/21/2014,63.0,55.0,47.0,52.0,49.0,45.0,100.0,76.0,52.0,30.14,30.09,30.04,10.0,10.0,10.0,13.0,3.0,14.0,0.01,6.0,,250.0,95113,1
60,50,11,7/14/2014,86.0,74.0,62.0,60.0,58.0,55.0,84.0,63.0,42.0,29.93,29.89,29.86,10.0,10.0,9.0,16.0,5.0,24.0,0,3.0,,284.0,95113,1
60,50,12,1/7/2015,70.0,54.0,37.0,44.0,40.0,35.0,92.0,63.0,33.0,30.23,30.15,30.08,10.0,10.0,8.0,7.0,1.0,8.0,0,2.0,,119.0,95113,1
60,50,17,1/21/2015,62.0,50.0,38.0,44.0,39.0,34.0,100.0,69.0,37.0,30.19,30.13,30.08,10.0,10.0,10.0,17.0,4.0,22.0,0,1.0,,282.0,95113,1
60,50,14,8/17/2014,77.0,68.0,59.0,59.0,57.0,55.0,90.0,72.0,53.0,30.04,29.99,29.91,10.0,10.0,7.0,15.0,6.0,20.0,0,3.0,,303.0,95113,0
60,50,11,6/4/2014,80.0,66.0,52.0,56.0,51.0,48.0,89.0,65.0,40.0,29.91,29.87,29.82,10.0,10.0,10.0,16.0,6.0,20.0,0,1.0,,275.0,95113,1
60,50,13,8/12/2015,81.0,69.0,57.0,62.0,56.0,51.0,87.0,63.0,39.0,30.06,30.02,29.99,10.0,10.0,10.0,21.0,7.0,26.0,0,1.0,,310.0,95113,1
60,50,12,3/20/2014,74.0,62.0,49.0,47.0,40.0,36.0,72.0,50.0,27.0,30.06,30.01,29.94,10.0,10.0,10.0,18.0,6.0,22.0,0,4.0,,315.0,95113,1
60,50,20,7/31/2015,78.0,71.0,63.0,61.0,59.0,58.0,87.0,69.0,50.0,30.03,30.0,29.95,10.0,10.0,8.0,17.0,7.0,21.0,T,4.0,Rain,312.0,95113,1
60,50,14,6/6/2015,79.0,67.0,55.0,58.0,54.0,51.0,86.0,64.0,42.0,29.93,29.88,29.85,10.0,10.0,10.0,16.0,8.0,21.0,0,2.0,,197.0,95113,0
60,50,16,8/25/2014,77.0,68.0,58.0,56.0,54.0,54.0,84.0,66.0,47.0,29.95,29.88,29.84,10.0,10.0,10.0,20.0,8.0,23.0,0,3.0,,235.0,95113,1
60,50,13,1/14/2014,76.0,57.0,37.0,34.0,27.0,13.0,76.0,43.0,9.0,30.45,30.37,30.32,10.0,10.0,10.0,17.0,3.0,24.0,0,0.0,,5.0,95113,1
60,50,16,4/22/2015,71.0,62.0,53.0,52.0,48.0,46.0,83.0,65.0,47.0,29.9,29.87,29.84,10.0,10.0,10.0,22.0,8.0,25.0,0,4.0,,150.0,95113,1
60,50,11,7/30/2015,81.0,72.0,63.0,63.0,60.0,58.0,90.0,72.0,54.0,30.04,29.99,29.95,10.0,10.0,10.0,14.0,6.0,17.0,0,3.0,,298.0,95113,1
60,50,6,11/18/2013,61.0,53.0,44.0,47.0,44.0,42.0,92.0,72.0,51.0,30.15,30.12,30.09,10.0,10.0,10.0,13.0,5.0,16.0,0,5.0,,339.0,95113,1
60,50,15,11/23/2013,66.0,53.0,40.0,44.0,35.0,29.0,74.0,50.0,26.0,30.12,30.04,29.98,10.0,10.0,10.0,9.0,2.0,12.0,0,0.0,,197.0,95113,0
60,50,16,3/13/2015,78.0,65.0,51.0,54.0,50.0,47.0,83.0,60.0,36.0,30.18,30.13,30.06,10.0,10.0,10.0,14.0,3.0,17.0,T,5.0,,299.0,95113,1
60,50,13,1/10/2015,61.0,54.0,46.0,50.0,47.0,44.0,100.0,80.0,60.0,30.05,30.0,29.95,10.0,8.0,5.0,9.0,2.0,10.0,0,4.0,,293.0,95113,0
60,50,23,9/13/2013,74.0,67.0,59.0,58.0,56.0,55.0,87.0,72.0,57.0,29.91,29.87,29.8,10.0,10.0,10.0,18.0,8.0,21.0,0,4.0,,313.0,95113,1
60,50,4,12/18/2013,62.0,53.0,44.0,46.0,42.0,38.0,93.0,68.0,42.0,30.03,29.91,29.81,10.0,8.0,6.0,14.0,3.0,18.0,0,4.0,,323.0,95113,1
60,50,12,8/19/2015,77.0,69.0,61.0,60.0,57.0,54.0,84.0,67.0,49.0,29.95,29.92,29.88,10.0,9.0,6.0,17.0,7.0,21.0,T,4.0,,341.0,95113,1
60,50,21,3/4/2015,68.0,55.0,41.0,44.0,37.0,25.0,89.0,55.0,20.0,30.23,30.13,30.04,10.0,10.0,10.0,9.0,4.0,,0,1.0,,176.0,95113,1
60,50,14,9/25/2014,73.0,65.0,57.0,63.0,58.0,54.0,100.0,77.0,53.0,30.02,29.96,29.89,10.0,8.0,1.0,17.0,7.0,21.0,0.36,6.0,Rain,308.0,95113,1
60,50,10,3/3/2015,64.0,52.0,39.0,47.0,42.0,37.0,89.0,69.0,48.0,30.06,30.01,29.96,10.0,10.0,10.0,14.0,5.0,17.0,0,1.0,,312.0,95113,1
60,50,11,1/8/2014,58.0,54.0,50.0,50.0,47.0,43.0,96.0,82.0,67.0,30.23,30.2,30.16,10.0,8.0,2.0,14.0,5.0,16.0,T,7.0,Rain,309.0,95113,1
60,50,7,11/15/2014,65.0,57.0,49.0,52.0,48.0,45.0,93.0,75.0,56.0,30.19,30.14,30.1,10.0,10.0,10.0,17.0,4.0,18.0,0,4.0,,272.0,95113,0
60,50,14,1/15/2014,71.0,55.0,39.0,34.0,29.0,25.0,53.0,37.0,20.0,30.34,30.27,30.2,10.0,10.0,10.0,9.0,2.0,12.0,0,0.0,,154.0,95113,1
60,50,12,3/6/2014,67.0,60.0,52.0,57.0,52.0,42.0,93.0,69.0,44.0,30.2,30.13,30.07,10.0,10.0,8.0,15.0,7.0,20.0,0.02,6.0,Rain,297.0,95113,1
60,50,14,10/7/2013,81.0,68.0,54.0,47.0,36.0,24.0,62.0,38.0,13.0,30.0,29.94,29.88,10.0,10.0,10.0,17.0,5.0,20.0,0,2.0,,307.0,95113,1
60,50,8,10/13/2014,87.0,71.0,55.0,58.0,40.0,25.0,84.0,48.0,12.0,29.97,29.93,29.89,10.0,10.0,9.0,18.0,5.0,22.0,0,1.0,,287.0,95113,1
60,50,8,9/30/2013,77.0,67.0,57.0,61.0,57.0,42.0,100.0,74.0,48.0,30.08,30.04,29.97,10.0,10.0,10.0,16.0,7.0,24.0,0,3.0,,334.0,95113,1
60,50,13,1/14/2015,62.0,51.0,39.0,45.0,39.0,34.0,86.0,66.0,46.0,30.29,30.21,30.17,10.0,10.0,7.0,10.0,2.0,12.0,0,4.0,,63.0,95113,1
60,50,12,1/22/2015,56.0,47.0,38.0,43.0,40.0,34.0,86.0,74.0,61.0,30.35,30.27,30.19,10.0,10.0,8.0,12.0,3.0,16.0,0,2.0,,248.0,95113,1
60,50,11,4/9/2014,75.0,65.0,54.0,55.0,52.0,44.0,93.0,64.0,35.0,30.09,30.05,29.98,10.0,10.0,9.0,13.0,5.0,18.0,0,4.0,,297.0,95113,1
60,50,3,9/29/2014,72.0,65.0,58.0,58.0,56.0,55.0,90.0,74.0,57.0,30.04,29.99,29.96,10.0,10.0,8.0,21.0,6.0,24.0,0,4.0,,302.0,95113,1
60,50,12,11/5/2013,72.0,58.0,44.0,40.0,34.0,29.0,76.0,49.0,22.0,30.22,30.15,30.08,10.0,10.0,10.0,15.0,6.0,21.0,0,1.0,,286.0,95113,1
60,50,15,6/9/2015,85.0,73.0,60.0,60.0,56.0,49.0,90.0,64.0,37.0,29.91,29.86,29.82,10.0,10.0,10.0,20.0,5.0,24.0,T,6.0,,296.0,95113,1
60,50,14,5/4/2014,71.0,62.0,52.0,50.0,48.0,46.0,83.0,65.0,47.0,30.07,30.04,30.01,10.0,10.0,10.0,22.0,9.0,28.0,0,4.0,,296.0,95113,0
60,50,18,5/20/2015,67.0,61.0,55.0,50.0,47.0,45.0,72.0,62.0,52.0,30.01,29.97,29.93,10.0,10.0,10.0,21.0,8.0,25.0,0,6.0,,290.0,95113,1
60,50,8,8/5/2014,80.0,71.0,62.0,61.0,58.0,57.0,84.0,67.0,50.0,30.07,30.02,30.0,10.0,10.0,10.0,21.0,6.0,26.0,0,5.0,,317.0,95113,1
60,50,21,7/22/2015,77.0,68.0,59.0,57.0,55.0,54.0,84.0,69.0,53.0,29.92,29.87,29.83,10.0,10.0,10.0,21.0,10.0,25.0,0,1.0,,346.0,95113,1
60,50,1,1/19/2014,69.0,53.0,36.0,36.0,31.0,27.0,64.0,43.0,22.0,30.14,30.09,30.05,10.0,10.0,8.0,8.0,1.0,14.0,0,1.0,,310.0,95113,0
60,50,22,4/16/2014,79.0,64.0,49.0,50.0,47.0,45.0,83.0,58.0,32.0,29.94,29.88,29.81,10.0,10.0,9.0,16.0,6.0,20.0,0,2.0,,305.0,95113,1
60,50,15,7/8/2014,80.0,70.0,59.0,59.0,55.0,51.0,84.0,65.0,46.0,29.92,29.89,29.86,10.0,10.0,10.0,15.0,7.0,21.0,0,2.0,,294.0,95113,1
60,50,9,9/14/2013,72.0,66.0,59.0,56.0,55.0,54.0,87.0,72.0,57.0,29.85,29.82,29.77,10.0,10.0,10.0,14.0,8.0,18.0,0,4.0,,327.0,95113,0
60,50,17,7/25/2015,75.0,67.0,58.0,58.0,56.0,53.0,86.0,72.0,57.0,30.1,30.05,30.0,10.0,10.0,10.0,18.0,8.0,23.0,0,2.0,,311.0,95113,0
60,50,6,11/24/2014,66.0,52.0,38.0,43.0,38.0,34.0,92.0,62.0,31.0,30.41,30.36,30.32,10.0,10.0,10.0,10.0,3.0,13.0,0,1.0,,275.0,95113,1
60,50,20,5/9/2014,70.0,62.0,53.0,55.0,50.0,40.0,93.0,64.0,35.0,30.17,30.13,30.09,10.0,10.0,8.0,23.0,13.0,28.0,0,5.0,,304.0,95113,1
60,50,12,9/6/2013,89.0,72.0,54.0,56.0,52.0,48.0,78.0,54.0,29.0,30.01,29.91,29.82,10.0,10.0,10.0,17.0,5.0,22.0,0,0.0,,302.0,95113,1
60,50,14,8/21/2014,80.0,70.0,59.0,61.0,56.0,54.0,84.0,65.0,45.0,29.95,29.92,29.89,10.0,10.0,10.0,16.0,8.0,21.0,0,0.0,,212.0,95113,1
60,50,9,8/9/2015,78.0,68.0,57.0,59.0,55.0,52.0,80.0,62.0,43.0,29.96,29.93,29.9,10.0,10.0,10.0,18.0,6.0,22.0,0,2.0,,308.0,95113,0
60,50,5,8/9/2014,75.0,67.0,58.0,57.0,55.0,53.0,86.0,70.0,53.0,30.0,29.95,29.91,10.0,10.0,8.0,16.0,8.0,20.0,0,2.0,,309.0,95113,0
60,50,0,12/11/2014,63.0,57.0,50.0,59.0,54.0,49.0,100.0,80.0,60.0,29.73,29.64,29.55,10.0,5.0,1.0,32.0,12.0,44.0,3.23,8.0,Rain,72.0,95113,1
60,50,18,9/20/2013,76.0,66.0,56.0,58.0,54.0,49.0,80.0,65.0,50.0,29.88,29.84,29.79,10.0,10.0,10.0,18.0,7.0,28.0,0,2.0,,309.0,95113,1
60,50,12,5/24/2014,74.0,65.0,55.0,55.0,52.0,48.0,86.0,70.0,53.0,30.01,29.98,29.94,10.0,10.0,10.0,21.0,7.0,24.0,0,2.0,,304.0,95113,0
60,50,15,5/4/2015,65.0,58.0,50.0,49.0,46.0,43.0,77.0,66.0,55.0,29.99,29.96,29.92,10.0,10.0,10.0,22.0,7.0,28.0,0,4.0,,296.0,95113,1
60,50,7,1/21/2014,68.0,53.0,37.0,37.0,31.0,27.0,70.0,47.0,24.0,30.27,30.21,30.16,10.0,10.0,10.0,8.0,2.0,10.0,0,3.0,,237.0,95113,1
60,50,16,6/1/2014,80.0,66.0,52.0,54.0,50.0,46.0,86.0,61.0,35.0,29.93,29.87,29.78,10.0,10.0,9.0,16.0,7.0,20.0,0,1.0,,294.0,95113,0
60,50,15,5/14/2014,94.0,76.0,57.0,43.0,37.0,31.0,51.0,32.0,12.0,30.14,30.08,30.03,10.0,10.0,10.0,18.0,7.0,22.0,0,2.0,,318.0,95113,1
60,50,19,8/14/2015,79.0,72.0,64.0,61.0,58.0,55.0,87.0,66.0,45.0,30.1,30.04,29.99,10.0,10.0,10.0,17.0,8.0,22.0,0,4.0,,315.0,95113,1
60,50,19,7/12/2014,73.0,66.0,58.0,57.0,54.0,53.0,80.0,69.0,57.0,30.09,30.06,30.02,10.0,10.0,10.0,18.0,8.0,22.0,0,4.0,,305.0,95113,0
60,50,7,6/10/2015,73.0,68.0,62.0,65.0,61.0,59.0,87.0,77.0,66.0,29.94,29.9,29.87,10.0,10.0,8.0,16.0,5.0,18.0,0.1,6.0,Rain,299.0,95113,1
60,50,18,3/30/2014,63.0,55.0,47.0,48.0,44.0,39.0,93.0,71.0,49.0,30.14,30.1,30.06,10.0,10.0,10.0,17.0,7.0,22.0,0.01,5.0,Rain,286.0,95113,0
60,50,15,5/10/2015,68.0,61.0,54.0,52.0,48.0,46.0,83.0,66.0,48.0,30.09,30.05,29.99,10.0,10.0,10.0,17.0,5.0,21.0,0,5.0,,320.0,95113,0
60,50,20,2/13/2015,77.0,62.0,47.0,53.0,47.0,40.0,93.0,60.0,26.0,30.16,30.1,30.05,10.0,10.0,10.0,9.0,2.0,12.0,0,2.0,,283.0,95113,1
60,50,6,11/4/2014,69.0,57.0,45.0,51.0,46.0,43.0,93.0,68.0,42.0,30.32,30.26,30.22,10.0,10.0,10.0,13.0,3.0,15.0,0,2.0,,242.0,95113,1
60,50,16,5/15/2015,65.0,59.0,52.0,50.0,47.0,45.0,83.0,68.0,52.0,29.99,29.92,29.86,10.0,10.0,10.0,20.0,8.0,24.0,0,5.0,,300.0,95113,1
60,50,12,5/5/2014,67.0,60.0,53.0,49.0,46.0,41.0,77.0,60.0,43.0,30.07,30.02,29.97,10.0,10.0,10.0,22.0,11.0,30.0,0,4.0,,286.0,95113,1
60,50,8,11/3/2014,69.0,56.0,43.0,52.0,44.0,35.0,92.0,60.0,28.0,30.27,30.22,30.17,10.0,10.0,10.0,14.0,4.0,17.0,0,3.0,,308.0,95113,1
60,50,18,4/21/2015,69.0,62.0,55.0,49.0,47.0,46.0,77.0,65.0,52.0,29.91,29.87,29.84,10.0,10.0,9.0,14.0,7.0,20.0,0,6.0,,173.0,95113,1
60,50,18,8/31/2013,80.0,71.0,62.0,59.0,57.0,54.0,90.0,66.0,42.0,29.99,29.95,29.91,10.0,10.0,10.0,18.0,8.0,22.0,0,0.0,,309.0,95113,0
60,50,13,4/17/2014,73.0,63.0,52.0,52.0,50.0,46.0,83.0,66.0,49.0,29.89,29.85,29.8,10.0,10.0,9.0,21.0,6.0,25.0,0,3.0,,316.0,95113,1
60,50,9,1/11/2015,55.0,50.0,44.0,50.0,47.0,43.0,100.0,92.0,83.0,30.19,30.09,30.02,9.0,4.0,0.0,12.0,3.0,14.0,0,6.0,Fog,292.0,95113,0
60,50,16,5/29/2014,83.0,68.0,53.0,50.0,41.0,19.0,77.0,44.0,10.0,29.96,29.93,29.88,10.0,10.0,10.0,18.0,7.0,23.0,0,1.0,,294.0,95113,1
60,50,6,10/4/2014,92.0,75.0,58.0,49.0,41.0,32.0,56.0,35.0,13.0,30.04,29.98,29.91,10.0,10.0,10.0,14.0,4.0,17.0,0,1.0,,307.0,95113,0
60,50,13,4/5/2014,67.0,59.0,50.0,47.0,45.0,43.0,86.0,64.0,42.0,30.21,30.13,30.06,10.0,10.0,10.0,21.0,8.0,23.0,0,3.0,,306.0,95113,0
60,50,10,11/21/2013,62.0,56.0,50.0,52.0,41.0,23.0,100.0,63.0,25.0,30.0,29.93,29.91,10.0,9.0,2.0,18.0,8.0,28.0,0.01,5.0,Rain,310.0,95113,1
60,50,13,4/13/2015,65.0,58.0,51.0,50.0,47.0,40.0,83.0,65.0,46.0,30.17,30.07,30.01,10.0,10.0,9.0,22.0,9.0,28.0,T,3.0,,304.0,95113,1
60,50,21,5/22/2015,68.0,61.0,54.0,52.0,49.0,46.0,86.0,72.0,58.0,30.09,30.02,29.99,10.0,10.0,10.0,23.0,8.0,26.0,T,7.0,,276.0,95113,1
60,50,18,7/16/2015,85.0,72.0,58.0,59.0,56.0,55.0,93.0,67.0,40.0,29.92,29.89,29.84,10.0,10.0,10.0,20.0,9.0,24.0,0,1.0,,139.0,95113,1
60,50,13,2/25/2014,66.0,55.0,44.0,48.0,45.0,43.0,100.0,76.0,52.0,29.99,29.95,29.9,10.0,8.0,3.0,14.0,6.0,16.0,0,4.0,,163.0,95113,1
60,50,18,4/15/2015,73.0,60.0,46.0,44.0,36.0,30.0,71.0,47.0,22.0,30.23,30.11,30.01,10.0,10.0,8.0,20.0,10.0,25.0,0,2.0,,293.0,95113,1
60,50,13,8/6/2015,78.0,70.0,61.0,61.0,59.0,57.0,90.0,70.0,50.0,29.91,29.87,29.8,10.0,10.0,8.0,21.0,5.0,26.0,0.02,5.0,Rain,305.0,95113,1
60,50,3,1/1/2015,53.0,42.0,30.0,27.0,23.0,18.0,64.0,46.0,28.0,30.18,30.12,30.07,10.0,10.0,10.0,8.0,3.0,10.0,0,0.0,,129.0,95113,1
60,50,13,5/16/2015,67.0,59.0,50.0,51.0,47.0,44.0,80.0,66.0,52.0,30.05,30.0,29.97,10.0,10.0,10.0,20.0,8.0,24.0,0,5.0,,235.0,95113,0
60,50,8,7/13/2014,77.0,68.0,58.0,59.0,56.0,54.0,87.0,69.0,50.0,30.05,29.98,29.89,10.0,10.0,10.0,13.0,6.0,15.0,0,5.0,,304.0,95113,0
60,50,11,10/24/2013,60.0,55.0,50.0,52.0,50.0,47.0,100.0,84.0,67.0,30.12,30.05,29.99,10.0,6.0,2.0,10.0,2.0,13.0,0,5.0,,302.0,95113,1
60,50,0,12/1/2014,68.0,59.0,50.0,61.0,55.0,51.0,100.0,84.0,68.0,30.11,30.03,29.94,10.0,8.0,0.0,16.0,3.0,20.0,0.02,4.0,Fog,145.0,95113,1
60,50,26,6/11/2015,82.0,71.0,60.0,63.0,60.0,56.0,100.0,77.0,54.0,29.91,29.87,29.8,10.0,7.0,1.0,18.0,6.0,22.0,0,5.0,,302.0,95113,1
60,50,7,10/10/2014,71.0,64.0,56.0,56.0,54.0,53.0,93.0,76.0,59.0,30.08,30.03,29.99,10.0,10.0,8.0,13.0,5.0,15.0,0,5.0,,325.0,95113,1
60,50,5,12/28/2014,57.0,47.0,37.0,42.0,37.0,34.0,86.0,67.0,47.0,30.36,30.3,30.24,10.0,10.0,10.0,8.0,2.0,12.0,0,2.0,,276.0,95113,0
60,50,6,10/28/2013,64.0,59.0,53.0,47.0,44.0,40.0,77.0,60.0,43.0,29.87,29.75,29.7,10.0,10.0,9.0,20.0,8.0,25.0,0,6.0,,256.0,95113,1
60,50,1,11/9/2014,75.0,62.0,49.0,56.0,51.0,46.0,93.0,66.0,38.0,30.03,29.92,29.83,10.0,10.0,9.0,14.0,2.0,16.0,0,1.0,,297.0,95113,0
60,50,3,2/7/2014,55.0,51.0,47.0,54.0,50.0,46.0,100.0,92.0,83.0,30.11,30.06,30.02,10.0,10.0,6.0,26.0,10.0,35.0,0.14,7.0,Rain,122.0,95113,1
60,50,5,7/27/2014,86.0,74.0,62.0,60.0,59.0,56.0,87.0,62.0,37.0,30.0,29.95,29.9,10.0,10.0,10.0,14.0,6.0,17.0,0,3.0,,297.0,95113,0
60,50,13,3/29/2015,79.0,63.0,46.0,52.0,47.0,41.0,80.0,55.0,29.0,30.13,30.07,30.0,10.0,10.0,10.0,15.0,4.0,17.0,0,1.0,,291.0,95113,0
60,50,15,6/10/2014,77.0,67.0,57.0,59.0,55.0,52.0,86.0,70.0,53.0,29.82,29.76,29.72,10.0,10.0,9.0,16.0,8.0,22.0,0,0.0,,214.0,95113,1
60,50,32,8/29/2014,83.0,72.0,60.0,60.0,58.0,56.0,90.0,65.0,40.0,29.97,29.93,29.87,10.0,9.0,7.0,21.0,5.0,24.0,0,6.0,,304.0,95113,1
60,50,12,2/5/2015,68.0,60.0,51.0,49.0,47.0,45.0,83.0,68.0,52.0,30.06,29.98,29.9,10.0,10.0,10.0,22.0,9.0,29.0,0,5.0,,138.0,95113,1
60,50,15,3/19/2015,80.0,64.0,48.0,52.0,46.0,40.0,86.0,56.0,26.0,30.08,30.04,29.98,10.0,10.0,10.0,16.0,5.0,20.0,0,2.0,,289.0,95113,1
60,50,15,4/1/2015,65.0,56.0,47.0,41.0,38.0,33.0,71.0,53.0,34.0,30.2,30.15,30.09,10.0,10.0,10.0,23.0,7.0,28.0,0,2.0,,302.0,95113,1
60,50,15,6/4/2015,75.0,64.0,53.0,53.0,50.0,47.0,83.0,64.0,44.0,29.88,29.83,29.78,10.0,10.0,10.0,15.0,8.0,23.0,0,1.0,,145.0,95113,1
60,50,14,6/23/2015,78.0,66.0,54.0,55.0,50.0,47.0,83.0,62.0,40.0,30.02,29.98,29.94,10.0,10.0,10.0,20.0,7.0,31.0,0,0.0,,319.0,95113,1
60,50,11,4/23/2015,71.0,62.0,53.0,51.0,47.0,44.0,83.0,65.0,47.0,29.92,29.88,29.84,10.0,10.0,10.0,18.0,10.0,22.0,0,6.0,,110.0,95113,1
60,50,10,2/20/2014,67.0,55.0,42.0,44.0,39.0,32.0,89.0,59.0,29.0,30.21,30.16,30.11,10.0,10.0,10.0,16.0,4.0,17.0,0,3.0,,289.0,95113,1
60,50,23,10/5/2013,85.0,67.0,49.0,37.0,31.0,24.0,50.0,31.0,11.0,30.2,30.13,30.09,10.0,10.0,10.0,13.0,3.0,15.0,0,0.0,,251.0,95113,0
60,50,6,12/24/2014,60.0,53.0,45.0,53.0,47.0,38.0,100.0,83.0,66.0,30.12,30.04,29.96,10.0,6.0,0.0,29.0,7.0,38.0,0.04,4.0,Fog-Rain,272.0,95113,1
60,50,9,10/2/2014,90.0,72.0,53.0,48.0,41.0,35.0,66.0,41.0,16.0,30.03,29.98,29.94,10.0,10.0,10.0,13.0,4.0,15.0,0,0.0,,240.0,95113,1
60,50,15,6/15/2014,74.0,64.0,54.0,51.0,49.0,47.0,77.0,61.0,44.0,29.88,29.83,29.81,10.0,10.0,10.0,22.0,8.0,28.0,0,4.0,,330.0,95113,0
60,50,16,10/17/2013,80.0,65.0,49.0,45.0,36.0,30.0,61.0,39.0,16.0,30.08,30.03,29.96,10.0,10.0,10.0,15.0,4.0,17.0,0,0.0,,285.0,95113,1
60,50,16,2/22/2014,71.0,57.0,42.0,49.0,44.0,33.0,93.0,60.0,26.0,30.02,29.98,29.92,10.0,10.0,10.0,14.0,5.0,17.0,0,2.0,,304.0,95113,0
60,50,10,4/11/2015,71.0,58.0,45.0,52.0,43.0,37.0,86.0,62.0,37.0,30.09,30.05,30.01,10.0,10.0,10.0,22.0,7.0,26.0,0,3.0,,317.0,95113,0
60,50,2,10/1/2014,85.0,70.0,55.0,56.0,49.0,36.0,93.0,54.0,15.0,29.99,29.9,29.85,10.0,10.0,10.0,16.0,6.0,23.0,0,0.0,,300.0,95113,1
60,50,12,1/24/2014,65.0,53.0,40.0,42.0,38.0,34.0,76.0,58.0,40.0,30.27,30.16,30.02,10.0,8.0,6.0,6.0,1.0,8.0,0,3.0,,358.0,95113,1
60,50,14,5/7/2015,59.0,54.0,48.0,47.0,45.0,42.0,80.0,67.0,53.0,29.83,29.78,29.75,10.0,10.0,8.0,15.0,7.0,20.0,0.03,5.0,Rain,121.0,95113,1
60,50,15,1/28/2015,67.0,56.0,44.0,50.0,45.0,41.0,89.0,67.0,45.0,30.27,30.21,30.15,10.0,10.0,10.0,14.0,4.0,17.0,0,3.0,,308.0,95113,1
60,50,16,8/8/2014,80.0,69.0,58.0,58.0,55.0,54.0,87.0,65.0,42.0,29.94,29.91,29.86,10.0,10.0,7.0,15.0,6.0,18.0,0,3.0,,285.0,95113,1
60,50,19,5/28/2014,76.0,64.0,52.0,50.0,42.0,34.0,77.0,49.0,21.0,30.07,30.01,29.95,10.0,10.0,10.0,22.0,10.0,26.0,0,0.0,,312.0,95113,1
60,50,19,10/28/2014,73.0,60.0,47.0,56.0,48.0,39.0,93.0,62.0,31.0,30.13,30.09,30.05,10.0,10.0,10.0,15.0,4.0,17.0,0,0.0,,309.0,95113,1
60,50,20,1/5/2015,60.0,48.0,35.0,39.0,36.0,33.0,92.0,68.0,43.0,30.39,30.32,30.24,10.0,8.0,7.0,9.0,1.0,10.0,0,4.0,,172.0,95113,1
60,50,3,10/3/2014,91.0,75.0,58.0,52.0,43.0,37.0,57.0,37.0,16.0,30.09,30.03,29.98,10.0,10.0,10.0,13.0,4.0,21.0,0,0.0,,299.0,95113,1
60,50,24,10/23/2014,74.0,65.0,55.0,58.0,53.0,50.0,86.0,65.0,44.0,30.08,30.02,29.97,10.0,10.0,10.0,14.0,4.0,20.0,0,3.0,,301.0,95113,1
60,50,3,2/8/2015,64.0,61.0,57.0,63.0,57.0,51.0,100.0,86.0,72.0,30.06,29.97,29.91,10.0,8.0,2.0,28.0,13.0,37.0,0.39,6.0,Rain,132.0,95113,0
60,50,22,6/25/2014,74.0,66.0,57.0,58.0,55.0,53.0,86.0,72.0,57.0,30.01,29.99,29.97,10.0,10.0,10.0,20.0,8.0,28.0,0,4.0,,320.0,95113,1
60,50,27,5/14/2015,68.0,61.0,53.0,55.0,48.0,43.0,77.0,60.0,42.0,29.9,29.83,29.8,10.0,9.0,2.0,20.0,5.0,24.0,0.47,7.0,Rain,51.0,95113,1
60,50,13,8/8/2015,78.0,69.0,60.0,58.0,56.0,54.0,84.0,66.0,48.0,29.95,29.93,29.91,10.0,10.0,10.0,20.0,7.0,24.0,0,3.0,,50.0,95113,0
60,50,2,5/25/2015,69.0,63.0,56.0,52.0,50.0,48.0,80.0,68.0,55.0,30.0,29.97,29.94,10.0,10.0,10.0,20.0,8.0,24.0,0,5.0,,308.0,95113,1
60,50,13,6/21/2014,72.0,63.0,54.0,51.0,49.0,45.0,83.0,61.0,38.0,29.95,29.92,29.9,10.0,10.0,10.0,15.0,6.0,21.0,0,3.0,,307.0,95113,0
60,50,12,5/8/2014,70.0,60.0,50.0,54.0,48.0,43.0,77.0,65.0,52.0,30.09,30.06,30.04,10.0,10.0,10.0,14.0,5.0,17.0,T,6.0,Rain,184.0,95113,1
60,50,7,3/5/2014,74.0,63.0,52.0,55.0,52.0,45.0,100.0,72.0,44.0,30.11,30.07,30.01,10.0,9.0,5.0,16.0,8.0,21.0,T,7.0,,140.0,95113,1
60,50,14,1/26/2014,71.0,58.0,45.0,48.0,36.0,29.0,93.0,58.0,22.0,30.13,30.09,30.02,10.0,10.0,9.0,10.0,4.0,14.0,0,2.0,,314.0,95113,0
60,50,16,8/10/2015,80.0,70.0,60.0,60.0,57.0,54.0,90.0,69.0,47.0,29.98,29.93,29.9,10.0,10.0,10.0,21.0,8.0,26.0,0,3.0,,329.0,95113,1
60,50,24,7/28/2015,94.0,77.0,60.0,57.0,50.0,42.0,78.0,49.0,19.0,29.89,29.86,29.81,10.0,10.0,10.0,18.0,6.0,23.0,0,0.0,,295.0,95113,1
60,50,13,3/20/2015,72.0,60.0,48.0,51.0,43.0,33.0,80.0,54.0,27.0,30.17,30.1,30.05,10.0,10.0,10.0,17.0,5.0,20.0,0,5.0,,291.0,95113,1
60,50,9,3/7/2014,68.0,58.0,48.0,52.0,46.0,42.0,93.0,68.0,42.0,30.18,30.15,30.09,10.0,10.0,10.0,15.0,6.0,23.0,0,3.0,,290.0,95113,1
60,50,8,11/28/2013,68.0,57.0,45.0,46.0,43.0,40.0,86.0,62.0,37.0,30.09,29.96,29.88,10.0,9.0,6.0,9.0,3.0,12.0,0,2.0,,325.0,95113,1
60,50,16,7/7/2015,77.0,69.0,61.0,60.0,57.0,55.0,84.0,69.0,54.0,30.04,29.98,29.9,10.0,10.0,10.0,22.0,9.0,28.0,0,5.0,,309.0,95113,1
60,50,8,9/1/2014,86.0,72.0,58.0,60.0,54.0,50.0,86.0,59.0,31.0,29.86,29.81,29.75,10.0,10.0,10.0,17.0,5.0,22.0,0,0.0,,296.0,95113,1
60,50,27,7/26/2014,88.0,75.0,61.0,61.0,55.0,48.0,78.0,59.0,39.0,29.96,29.9,29.87,10.0,10.0,10.0,17.0,7.0,21.0,0,2.0,,282.0,95113,0
60,50,3,11/20/2014,59.0,55.0,50.0,58.0,53.0,50.0,100.0,93.0,86.0,30.12,30.07,29.98,10.0,9.0,4.0,16.0,4.0,21.0,0.12,6.0,Rain,141.0,95113,1
60,50,4,12/6/2013,54.0,42.0,30.0,45.0,29.0,20.0,86.0,61.0,35.0,30.2,30.12,29.94,10.0,10.0,8.0,15.0,6.0,18.0,0.04,5.0,Rain,130.0,95113,1
60,50,6,11/7/2014,69.0,60.0,51.0,57.0,54.0,51.0,100.0,79.0,57.0,30.24,30.18,30.1,10.0,6.0,0.0,10.0,3.0,14.0,0,3.0,Fog,282.0,95113,1
60,50,14,3/10/2014,69.0,62.0,55.0,54.0,48.0,42.0,80.0,63.0,45.0,30.23,30.17,30.11,10.0,9.0,2.0,20.0,10.0,23.0,0.01,4.0,Rain,289.0,95113,1
60,50,7,11/7/2013,74.0,62.0,50.0,52.0,41.0,31.0,80.0,50.0,20.0,30.17,30.12,30.08,10.0,10.0,9.0,16.0,3.0,17.0,0,2.0,,298.0,95113,1
60,50,28,7/4/2015,79.0,71.0,62.0,61.0,59.0,57.0,90.0,72.0,54.0,29.89,29.86,29.82,10.0,10.0,6.0,16.0,7.0,21.0,0,3.0,,305.0,95113,0
60,50,15,3/1/2014,66.0,59.0,52.0,51.0,48.0,44.0,89.0,73.0,56.0,29.82,29.62,29.47,10.0,10.0,7.0,29.0,14.0,38.0,0.21,5.0,Rain,115.0,95113,0
60,50,2,11/3/2013,64.0,55.0,45.0,47.0,39.0,26.0,93.0,59.0,25.0,30.05,29.98,29.93,10.0,10.0,10.0,21.0,7.0,23.0,0,4.0,,290.0,95113,0
60,50,6,2/24/2014,73.0,59.0,44.0,48.0,43.0,40.0,89.0,61.0,33.0,30.0,29.96,29.89,10.0,10.0,10.0,15.0,3.0,18.0,0,1.0,,291.0,95113,1
60,50,5,5/2/2015,74.0,63.0,51.0,54.0,50.0,47.0,83.0,65.0,46.0,29.9,29.87,29.81,10.0,10.0,9.0,16.0,7.0,20.0,0,2.0,,260.0,95113,0
60,50,27,2/14/2015,74.0,60.0,46.0,53.0,49.0,44.0,86.0,64.0,41.0,30.12,30.07,30.02,10.0,10.0,10.0,9.0,2.0,12.0,0,1.0,,166.0,95113,0
60,50,7,3/19/2014,76.0,61.0,45.0,42.0,36.0,33.0,65.0,43.0,21.0,30.08,30.03,29.98,10.0,10.0,10.0,14.0,4.0,16.0,0,3.0,,298.0,95113,1
60,50,12,1/12/2014,60.0,52.0,43.0,46.0,41.0,35.0,100.0,72.0,44.0,30.38,30.32,30.27,10.0,10.0,9.0,17.0,6.0,22.0,0,3.0,,264.0,95113,0
60,50,14,9/9/2013,88.0,75.0,62.0,60.0,57.0,52.0,90.0,60.0,30.0,29.82,29.77,29.71,10.0,10.0,10.0,16.0,5.0,21.0,0,1.0,,298.0,95113,1
60,50,5,11/22/2014,64.0,57.0,50.0,61.0,53.0,46.0,93.0,84.0,75.0,30.25,30.14,30.09,10.0,8.0,2.0,18.0,9.0,24.0,0.01,6.0,Rain,98.0,95113,0
60,50,17,7/29/2015,89.0,77.0,64.0,59.0,53.0,47.0,78.0,51.0,23.0,29.96,29.9,29.86,10.0,10.0,10.0,17.0,6.0,22.0,0,0.0,,269.0,95113,1
60,50,12,11/4/2013,67.0,54.0,40.0,40.0,36.0,26.0,83.0,53.0,22.0,30.07,29.99,29.93,10.0,10.0,10.0,17.0,6.0,22.0,0,0.0,,291.0,95113,1
60,50,7,5/3/2014,69.0,62.0,54.0,54.0,49.0,46.0,93.0,69.0,45.0,30.06,30.04,30.0,10.0,10.0,10.0,22.0,10.0,29.0,0,4.0,,314.0,95113,0
60,50,21,9/13/2014,82.0,71.0,60.0,59.0,58.0,57.0,97.0,71.0,45.0,29.86,29.82,29.77,10.0,9.0,7.0,14.0,5.0,20.0,0,4.0,,296.0,95113,0
60,50,0,4/5/2015,62.0,53.0,43.0,44.0,38.0,34.0,76.0,60.0,43.0,29.99,29.93,29.9,10.0,10.0,10.0,18.0,8.0,24.0,0,4.0,,201.0,95113,0
60,50,13,6/7/2014,79.0,66.0,53.0,57.0,53.0,48.0,89.0,66.0,43.0,29.86,29.82,29.77,10.0,10.0,9.0,15.0,7.0,18.0,0,1.0,,277.0,95113,0
60,50,11,11/1/2013,77.0,61.0,44.0,49.0,42.0,36.0,80.0,52.0,23.0,30.14,30.08,30.01,10.0,10.0,10.0,10.0,2.0,12.0,0,0.0,,309.0,95113,1
60,50,7,7/18/2014,76.0,69.0,61.0,58.0,56.0,55.0,84.0,69.0,53.0,30.01,29.98,29.93,10.0,10.0,10.0,16.0,9.0,21.0,0,3.0,,187.0,95113,1
60,50,8,2/27/2014,65.0,59.0,52.0,54.0,48.0,44.0,83.0,66.0,48.0,29.91,29.79,29.51,10.0,10.0,9.0,26.0,10.0,36.0,0.01,6.0,Rain,123.0,95113,1
60,50,20,10/13/2013,73.0,60.0,47.0,47.0,44.0,41.0,93.0,64.0,34.0,30.07,30.0,29.95,10.0,10.0,10.0,18.0,6.0,23.0,0,1.0,,226.0,95113,0
60,50,0,3/2/2014,63.0,57.0,50.0,55.0,50.0,46.0,86.0,71.0,56.0,30.18,30.01,29.83,10.0,10.0,7.0,20.0,9.0,24.0,0.02,5.0,Rain,145.0,95113,0
60,50,12,11/8/2013,70.0,58.0,46.0,51.0,47.0,43.0,100.0,72.0,44.0,30.1,30.05,29.97,10.0,9.0,6.0,13.0,3.0,15.0,0,2.0,,309.0,95113,1
60,50,16,1/17/2015,61.0,54.0,47.0,51.0,49.0,46.0,100.0,85.0,69.0,30.29,30.26,30.19,10.0,5.0,2.0,12.0,1.0,14.0,0,6.0,,310.0,95113,0
60,50,10,7/30/2014,82.0,72.0,61.0,61.0,59.0,58.0,97.0,74.0,51.0,30.01,29.98,29.93,10.0,10.0,9.0,15.0,7.0,18.0,0,2.0,,306.0,95113,1
60,50,15,5/23/2015,68.0,62.0,55.0,50.0,48.0,46.0,77.0,65.0,52.0,30.11,30.08,30.04,10.0,10.0,10.0,17.0,8.0,25.0,0,5.0,,289.0,95113,0
60,50,12,5/28/2015,69.0,62.0,55.0,54.0,51.0,49.0,86.0,72.0,58.0,30.06,30.02,29.97,10.0,10.0,10.0,17.0,8.0,22.0,0,6.0,,311.0,95113,1
60,50,18,10/18/2013,78.0,64.0,49.0,53.0,42.0,34.0,86.0,54.0,21.0,30.06,30.02,29.98,10.0,10.0,10.0,12.0,3.0,14.0,0,0.0,,295.0,95113,1
60,50,25,4/29/2015,72.0,62.0,52.0,51.0,49.0,47.0,89.0,67.0,44.0,30.04,29.98,29.9,10.0,10.0,10.0,14.0,5.0,20.0,0,1.0,,296.0,95113,1
60,50,13,10/19/2014,75.0,65.0,55.0,59.0,56.0,53.0,100.0,77.0,54.0,29.93,29.9,29.85,10.0,8.0,0.0,18.0,5.0,22.0,0,4.0,Fog,313.0,95113,0
60,50,16,7/8/2015,73.0,67.0,60.0,57.0,54.0,53.0,84.0,69.0,53.0,29.91,29.87,29.81,10.0,10.0,10.0,20.0,8.0,33.0,0,5.0,,303.0,95113,1
60,50,22,7/19/2014,78.0,70.0,62.0,59.0,57.0,55.0,84.0,67.0,50.0,29.97,29.94,29.91,10.0,10.0,10.0,16.0,7.0,21.0,T,5.0,,313.0,95113,0
60,50,2,11/25/2014,67.0,54.0,40.0,45.0,38.0,31.0,76.0,52.0,28.0,30.46,30.39,30.34,10.0,10.0,10.0,7.0,2.0,9.0,0,1.0,,244.0,95113,1
60,50,10,12/16/2014,61.0,55.0,48.0,54.0,49.0,43.0,100.0,76.0,51.0,29.97,29.91,29.83,10.0,8.0,2.0,20.0,8.0,25.0,0.55,6.0,Rain,125.0,95113,1
60,50,10,12/12/2014,56.0,51.0,46.0,53.0,48.0,45.0,100.0,86.0,72.0,30.09,29.84,29.66,10.0,9.0,5.0,10.0,4.0,15.0,0.2,7.0,Rain,140.0,95113,1
60,50,13,5/3/2015,70.0,61.0,51.0,51.0,48.0,46.0,83.0,66.0,48.0,29.92,29.88,29.86,10.0,10.0,10.0,17.0,9.0,23.0,0,2.0,,288.0,95113,0
60,50,11,6/5/2014,81.0,68.0,55.0,57.0,53.0,48.0,93.0,64.0,35.0,29.87,29.83,29.79,10.0,10.0,8.0,16.0,6.0,20.0,0,1.0,,284.0,95113,1
60,50,1,11/30/2014,64.0,57.0,50.0,56.0,52.0,46.0,100.0,89.0,77.0,30.03,29.87,29.75,10.0,8.0,2.0,9.0,6.0,,0.57,5.0,Rain,128.0,95113,0
60,50,27,9/2/2013,79.0,73.0,66.0,62.0,61.0,59.0,81.0,68.0,54.0,29.97,29.93,29.89,10.0,10.0,10.0,21.0,8.0,25.0,T,5.0,Rain,315.0,95113,1
60,50,15,4/12/2014,71.0,62.0,53.0,51.0,48.0,45.0,77.0,59.0,41.0,29.96,29.9,29.86,10.0,10.0,10.0,18.0,7.0,22.0,0,4.0,,200.0,95113,0
60,50,7,12/21/2014,62.0,59.0,56.0,58.0,56.0,52.0,93.0,87.0,80.0,30.33,30.28,30.25,10.0,10.0,6.0,16.0,6.0,18.0,T,7.0,Rain,304.0,95113,0
60,50,13,3/10/2015,75.0,62.0,49.0,54.0,51.0,46.0,93.0,70.0,46.0,30.0,29.95,29.92,10.0,7.0,2.0,20.0,4.0,23.0,0,6.0,,262.0,95113,1
60,50,18,4/18/2015,75.0,63.0,51.0,53.0,49.0,44.0,89.0,65.0,41.0,30.07,30.0,29.92,10.0,10.0,9.0,16.0,5.0,18.0,0,2.0,,295.0,95113,0
60,50,5,2/19/2014,63.0,56.0,49.0,52.0,47.0,40.0,100.0,72.0,43.0,30.21,30.16,30.11,10.0,10.0,7.0,21.0,8.0,23.0,0.01,4.0,Rain,304.0,95113,1
60,50,13,6/19/2014,77.0,66.0,55.0,53.0,51.0,48.0,86.0,62.0,38.0,30.0,29.97,29.94,10.0,10.0,10.0,18.0,8.0,22.0,0,1.0,,295.0,95113,1
60,50,6,12/4/2013,52.0,43.0,34.0,31.0,24.0,15.0,82.0,53.0,24.0,30.09,30.03,29.95,10.0,10.0,10.0,12.0,4.0,24.0,0,0.0,,264.0,95113,1
60,50,9,10/4/2013,82.0,70.0,58.0,33.0,26.0,23.0,37.0,25.0,13.0,30.1,30.03,29.96,10.0,10.0,10.0,18.0,6.0,28.0,0,0.0,,320.0,95113,1
60,50,20,10/17/2014,75.0,63.0,51.0,52.0,47.0,44.0,83.0,60.0,36.0,29.99,29.95,29.91,10.0,10.0,10.0,15.0,6.0,20.0,0,4.0,,148.0,95113,1
60,50,10,8/6/2014,85.0,74.0,62.0,62.0,60.0,58.0,84.0,65.0,45.0,30.03,29.99,29.94,10.0,10.0,10.0,18.0,7.0,22.0,T,4.0,,300.0,95113,1
60,50,13,10/1/2013,72.0,63.0,53.0,53.0,46.0,40.0,78.0,58.0,38.0,30.03,29.98,29.93,10.0,10.0,10.0,17.0,5.0,22.0,0,3.0,,319.0,95113,1
60,50,22,3/16/2015,72.0,63.0,53.0,53.0,47.0,40.0,72.0,60.0,47.0,30.06,30.03,29.98,10.0,10.0,10.0,18.0,5.0,22.0,0,6.0,,277.0,95113,1
60,50,6,11/20/2013,63.0,58.0,53.0,57.0,55.0,51.0,100.0,89.0,78.0,29.95,29.9,29.86,10.0,9.0,1.0,23.0,9.0,29.0,0.47,7.0,Rain,301.0,95113,1
60,50,8,11/18/2014,66.0,55.0,44.0,44.0,39.0,33.0,71.0,51.0,31.0,30.14,30.09,30.05,10.0,10.0,10.0,12.0,2.0,13.0,0,5.0,,232.0,95113,1
60,50,19,7/24/2015,78.0,67.0,55.0,54.0,51.0,46.0,80.0,60.0,39.0,30.13,30.09,30.06,10.0,10.0,10.0,21.0,7.0,24.0,0,0.0,,316.0,95113,1
60,50,12,1/19/2015,60.0,53.0,45.0,55.0,51.0,44.0,100.0,84.0,67.0,30.3,30.25,30.17,10.0,7.0,1.0,12.0,4.0,15.0,0.01,6.0,,279.0,95113,1
60,50,17,3/15/2015,80.0,68.0,56.0,52.0,41.0,36.0,72.0,47.0,21.0,30.07,30.03,29.99,10.0,10.0,10.0,23.0,8.0,25.0,0,5.0,,214.0,95113,0
60,50,18,2/9/2015,66.0,59.0,51.0,54.0,50.0,46.0,93.0,75.0,56.0,30.26,30.2,30.11,10.0,10.0,10.0,18.0,5.0,23.0,0.02,4.0,,196.0,95113,1
60,50,5,4/25/2014,61.0,56.0,50.0,53.0,48.0,41.0,93.0,77.0,60.0,29.97,29.88,29.82,10.0,9.0,5.0,21.0,7.0,26.0,0.25,7.0,Rain,240.0,95113,1
60,50,20,2/3/2015,72.0,60.0,48.0,51.0,48.0,44.0,86.0,65.0,44.0,30.13,30.09,30.05,10.0,8.0,6.0,9.0,2.0,13.0,0,4.0,,185.0,95113,1
60,50,13,3/5/2015,76.0,59.0,41.0,43.0,38.0,35.0,76.0,51.0,25.0,30.34,30.28,30.24,10.0,10.0,10.0,13.0,4.0,,0,0.0,,260.0,95113,1
60,50,13,10/16/2014,71.0,63.0,54.0,53.0,49.0,43.0,86.0,63.0,40.0,30.04,29.99,29.94,10.0,10.0,10.0,15.0,4.0,18.0,0,5.0,,308.0,95113,1
60,50,9,1/20/2014,69.0,54.0,38.0,33.0,30.0,27.0,65.0,44.0,22.0,30.23,30.17,30.13,10.0,10.0,10.0,7.0,1.0,10.0,0,1.0,,64.0,95113,1
60,50,21,6/23/2014,78.0,66.0,53.0,52.0,50.0,47.0,86.0,62.0,38.0,29.97,29.94,29.91,10.0,9.0,6.0,18.0,7.0,22.0,0,3.0,,315.0,95113,1
60,50,5,1/1/2014,62.0,49.0,35.0,36.0,34.0,32.0,89.0,62.0,34.0,30.22,30.17,30.12,10.0,8.0,6.0,8.0,1.0,10.0,0,2.0,,310.0,95113,1
60,50,13,4/27/2015,84.0,68.0,52.0,53.0,49.0,46.0,86.0,57.0,27.0,30.06,30.0,29.92,10.0,10.0,10.0,21.0,7.0,24.0,0,2.0,,298.0,95113,1
60,50,9,3/14/2015,89.0,72.0,54.0,52.0,43.0,31.0,83.0,49.0,14.0,30.12,30.04,29.95,10.0,10.0,10.0,15.0,4.0,21.0,0,4.0,,144.0,95113,0
60,50,18,7/9/2014,80.0,69.0,57.0,59.0,55.0,52.0,86.0,65.0,43.0,29.94,29.9,29.85,10.0,10.0,10.0,15.0,9.0,20.0,0,0.0,,179.0,95113,1
60,50,8,1/24/2015,72.0,56.0,39.0,47.0,39.0,34.0,89.0,59.0,28.0,30.24,30.16,30.08,10.0,10.0,10.0,17.0,3.0,22.0,0,0.0,,227.0,95113,0
60,50,17,6/2/2015,70.0,64.0,58.0,55.0,52.0,49.0,80.0,68.0,55.0,30.09,30.03,29.98,10.0,10.0,10.0,18.0,8.0,30.0,0,5.0,,299.0,95113,1
60,50,16,3/22/2015,71.0,63.0,55.0,54.0,49.0,42.0,86.0,63.0,40.0,30.21,30.16,30.12,10.0,10.0,10.0,18.0,7.0,23.0,T,6.0,Rain,152.0,95113,0
60,50,30,8/30/2014,86.0,74.0,61.0,59.0,56.0,50.0,90.0,62.0,34.0,29.92,29.89,29.86,10.0,10.0,10.0,21.0,6.0,24.0,0,1.0,,317.0,95113,0
60,50,14,7/4/2014,79.0,69.0,58.0,58.0,55.0,51.0,87.0,65.0,42.0,30.02,29.95,29.9,10.0,10.0,8.0,17.0,7.0,21.0,0,0.0,,293.0,95113,1
60,50,19,7/17/2015,81.0,70.0,59.0,59.0,56.0,54.0,87.0,67.0,47.0,29.88,29.83,29.77,10.0,10.0,10.0,16.0,7.0,20.0,0,2.0,,242.0,95113,1
60,50,7,10/12/2014,87.0,71.0,54.0,57.0,43.0,28.0,93.0,53.0,12.0,30.0,29.94,29.88,10.0,10.0,10.0,15.0,5.0,21.0,0,0.0,,297.0,95113,0
60,50,3,12/4/2014,67.0,61.0,55.0,58.0,55.0,54.0,100.0,84.0,68.0,30.02,29.95,29.88,10.0,10.0,10.0,10.0,4.0,13.0,0.01,5.0,Rain,132.0,95113,1
60,50,17,5/31/2014,76.0,66.0,55.0,54.0,49.0,45.0,80.0,58.0,35.0,29.98,29.95,29.89,10.0,10.0,10.0,14.0,6.0,18.0,0,3.0,,308.0,95113,0
60,50,13,12/31/2013,59.0,48.0,37.0,43.0,38.0,29.0,100.0,72.0,44.0,30.28,30.23,30.16,10.0,4.0,0.0,15.0,2.0,16.0,0,4.0,Fog,137.0,95113,1
60,50,11,9/26/2014,73.0,65.0,57.0,56.0,53.0,47.0,93.0,67.0,41.0,30.0,29.97,29.91,10.0,10.0,10.0,22.0,7.0,25.0,T,4.0,,272.0,95113,1
60,50,17,5/30/2014,69.0,61.0,52.0,52.0,49.0,46.0,89.0,69.0,48.0,29.99,29.95,29.92,10.0,9.0,7.0,21.0,9.0,28.0,0,2.0,,314.0,95113,1
60,50,17,4/9/2015,70.0,57.0,44.0,45.0,40.0,30.0,83.0,55.0,26.0,30.1,30.01,29.93,10.0,10.0,10.0,20.0,5.0,24.0,0,3.0,,301.0,95113,1
60,50,8,11/6/2014,74.0,62.0,49.0,55.0,50.0,46.0,86.0,62.0,38.0,30.22,30.19,30.14,10.0,10.0,8.0,17.0,3.0,17.0,0,3.0,,317.0,95113,1
60,50,12,9/3/2013,80.0,70.0,60.0,60.0,55.0,46.0,84.0,58.0,32.0,30.01,29.98,29.94,10.0,10.0,10.0,18.0,8.0,24.0,0,1.0,,323.0,95113,1
60,50,17,5/6/2015,71.0,60.0,48.0,47.0,44.0,42.0,80.0,62.0,44.0,29.93,29.87,29.8,10.0,10.0,10.0,20.0,9.0,24.0,0,1.0,,114.0,95113,1
60,50,14,9/16/2013,79.0,71.0,62.0,59.0,57.0,53.0,90.0,68.0,45.0,29.91,29.87,29.81,10.0,10.0,10.0,22.0,8.0,28.0,0,4.0,,310.0,95113,1
60,50,20,8/5/2015,79.0,69.0,58.0,61.0,56.0,52.0,78.0,62.0,45.0,30.06,29.99,29.91,10.0,10.0,10.0,14.0,5.0,22.0,0,4.0,,298.0,95113,1
60,50,16,3/18/2015,72.0,60.0,47.0,50.0,46.0,42.0,83.0,61.0,38.0,30.08,30.04,29.99,10.0,10.0,10.0,16.0,5.0,22.0,0,1.0,,301.0,95113,1
60,50,9,12/15/2014,55.0,53.0,50.0,52.0,49.0,46.0,100.0,89.0,77.0,29.97,29.9,29.83,10.0,9.0,3.0,28.0,12.0,37.0,0.65,7.0,Rain,111.0,95113,1
60,50,7,10/29/2013,63.0,56.0,49.0,49.0,46.0,44.0,89.0,71.0,52.0,30.06,29.97,29.88,10.0,10.0,10.0,14.0,6.0,17.0,0,4.0,,158.0,95113,1
60,50,11,1/30/2015,67.0,57.0,47.0,51.0,48.0,43.0,93.0,68.0,42.0,30.06,29.99,29.89,10.0,7.0,2.0,14.0,4.0,16.0,0,4.0,,300.0,95113,1
60,50,9,8/15/2015,93.0,76.0,59.0,58.0,54.0,47.0,84.0,52.0,20.0,30.0,29.94,29.87,10.0,8.0,5.0,20.0,6.0,22.0,0,4.0,,288.0,95113,0
60,50,10,10/8/2014,85.0,70.0,55.0,57.0,53.0,42.0,93.0,59.0,24.0,29.93,29.89,29.84,10.0,10.0,10.0,15.0,4.0,18.0,0,1.0,,293.0,95113,1
60,50,13,7/14/2015,74.0,67.0,59.0,57.0,56.0,55.0,84.0,69.0,53.0,29.95,29.92,29.88,10.0,10.0,10.0,23.0,8.0,26.0,0,3.0,,322.0,95113,1
60,50,18,3/23/2015,66.0,60.0,53.0,52.0,47.0,38.0,93.0,68.0,42.0,30.32,30.26,30.2,10.0,10.0,7.0,21.0,8.0,25.0,0.04,6.0,Rain,305.0,95113,1
60,50,3,2/22/2015,65.0,56.0,46.0,49.0,36.0,23.0,82.0,55.0,27.0,29.88,29.85,29.82,10.0,10.0,10.0,17.0,7.0,32.0,0,2.0,,305.0,95113,0
60,50,15,2/18/2015,65.0,59.0,53.0,52.0,49.0,46.0,86.0,75.0,63.0,30.23,30.17,30.1,10.0,10.0,6.0,12.0,4.0,13.0,0,5.0,,311.0,95113,1
60,50,32,6/8/2014,92.0,75.0,58.0,57.0,53.0,48.0,84.0,55.0,26.0,29.83,29.77,29.71,10.0,10.0,8.0,20.0,5.0,23.0,0,0.0,,304.0,95113,0
60,50,13,11/9/2013,77.0,61.0,44.0,51.0,45.0,30.0,93.0,56.0,18.0,30.04,30.0,29.96,10.0,10.0,10.0,14.0,3.0,16.0,0,1.0,,252.0,95113,0
60,50,21,6/19/2015,80.0,66.0,52.0,51.0,49.0,46.0,83.0,58.0,32.0,30.01,29.98,29.93,10.0,10.0,8.0,20.0,7.0,23.0,0,2.0,,308.0,95113,1
60,50,9,3/14/2014,71.0,58.0,44.0,51.0,44.0,37.0,83.0,56.0,29.0,30.23,30.16,30.08,10.0,10.0,9.0,15.0,5.0,18.0,0,2.0,,291.0,95113,1
60,50,26,9/22/2014,79.0,71.0,62.0,58.0,57.0,52.0,84.0,62.0,39.0,30.05,30.0,29.95,10.0,10.0,9.0,20.0,7.0,24.0,0,5.0,,311.0,95113,1
60,50,11,6/22/2015,71.0,63.0,55.0,55.0,52.0,51.0,86.0,70.0,53.0,30.06,30.03,30.0,10.0,10.0,10.0,17.0,7.0,21.0,0,2.0,,307.0,95113,1
60,50,10,1/10/2014,62.0,52.0,41.0,48.0,43.0,37.0,86.0,69.0,52.0,30.31,30.24,30.18,10.0,10.0,10.0,8.0,2.0,13.0,0,3.0,,297.0,95113,1
60,50,17,3/17/2014,69.0,59.0,48.0,48.0,45.0,41.0,86.0,62.0,37.0,30.26,30.11,29.98,10.0,10.0,10.0,18.0,8.0,23.0,0,3.0,,286.0,95113,1
60,50,4,2/15/2015,75.0,60.0,44.0,51.0,46.0,41.0,82.0,58.0,33.0,30.06,30.01,29.96,10.0,10.0,10.0,10.0,2.0,13.0,0,2.0,,244.0,95113,0
60,50,14,6/11/2014,79.0,68.0,57.0,56.0,53.0,51.0,80.0,60.0,40.0,29.91,29.85,29.82,10.0,10.0,10.0,18.0,10.0,23.0,0,1.0,,165.0,95113,1
60,50,16,9/14/2014,79.0,69.0,59.0,59.0,56.0,48.0,90.0,63.0,35.0,29.86,29.83,29.79,10.0,9.0,6.0,13.0,6.0,20.0,0,2.0,,300.0,95113,0
60,50,12,12/17/2014,58.0,52.0,45.0,53.0,48.0,45.0,100.0,84.0,67.0,30.1,30.04,29.95,10.0,9.0,6.0,17.0,7.0,22.0,0.22,6.0,Rain,113.0,95113,1
60,50,5,1/11/2014,59.0,51.0,43.0,50.0,44.0,40.0,93.0,78.0,62.0,30.3,30.23,30.17,10.0,10.0,10.0,20.0,3.0,24.0,0,4.0,,349.0,95113,0
60,50,12,6/1/2015,75.0,65.0,54.0,55.0,52.0,47.0,78.0,64.0,49.0,30.06,30.01,29.97,10.0,10.0,10.0,18.0,10.0,23.0,0,5.0,,320.0,95113,1
60,50,2,11/19/2013,65.0,57.0,48.0,56.0,50.0,45.0,100.0,78.0,56.0,30.11,30.03,29.96,10.0,9.0,4.0,13.0,8.0,15.0,0.29,7.0,Rain,132.0,95113,1
60,50,9,3/21/2014,70.0,58.0,46.0,48.0,45.0,42.0,86.0,62.0,37.0,30.01,29.97,29.93,10.0,10.0,9.0,17.0,5.0,21.0,T,2.0,,303.0,95113,1
60,50,8,3/3/2014,63.0,56.0,48.0,54.0,49.0,46.0,100.0,82.0,64.0,30.16,30.11,30.02,10.0,10.0,7.0,22.0,8.0,28.0,0.17,6.0,Rain,126.0,95113,1
60,50,4,6/21/2015,73.0,65.0,56.0,55.0,52.0,48.0,93.0,69.0,44.0,30.03,29.98,29.9,10.0,10.0,8.0,18.0,8.0,23.0,0,3.0,,313.0,95113,0
60,50,14,4/14/2014,76.0,64.0,51.0,54.0,49.0,38.0,89.0,57.0,25.0,30.12,30.07,30.03,10.0,9.0,5.0,13.0,5.0,16.0,0,2.0,,278.0,95113,1
60,50,6,2/14/2014,63.0,58.0,53.0,56.0,53.0,48.0,100.0,82.0,64.0,30.17,30.13,30.06,10.0,7.0,1.0,12.0,4.0,14.0,T,7.0,,312.0,95113,1
60,50,8,10/11/2013,67.0,58.0,48.0,51.0,49.0,46.0,93.0,73.0,52.0,30.09,30.04,29.99,10.0,10.0,7.0,16.0,5.0,18.0,0,0.0,,209.0,95113,1
60,50,4,1/25/2015,64.0,51.0,38.0,44.0,41.0,35.0,89.0,69.0,48.0,30.14,30.08,30.01,10.0,10.0,10.0,8.0,2.0,10.0,0,1.0,,190.0,95113,0
60,50,18,9/29/2013,77.0,66.0,54.0,61.0,56.0,53.0,93.0,70.0,46.0,30.12,30.09,30.05,10.0,10.0,10.0,16.0,6.0,21.0,0,2.0,,306.0,95113,0
60,50,6,4/22/2014,65.0,58.0,50.0,48.0,40.0,27.0,83.0,54.0,24.0,30.14,30.07,29.97,10.0,10.0,10.0,24.0,15.0,31.0,T,4.0,,291.0,95113,1
60,50,16,1/9/2015,65.0,57.0,48.0,50.0,46.0,43.0,89.0,69.0,48.0,30.03,30.0,29.96,10.0,9.0,7.0,9.0,2.0,10.0,0,5.0,,290.0,95113,1
60,50,3,10/27/2013,63.0,57.0,50.0,52.0,48.0,45.0,100.0,78.0,55.0,30.04,29.91,29.74,10.0,9.0,4.0,28.0,8.0,35.0,0,5.0,,287.0,95113,0
60,50,13,9/28/2013,82.0,67.0,51.0,57.0,42.0,30.0,90.0,53.0,16.0,30.1,30.05,29.99,10.0,10.0,10.0,21.0,6.0,24.0,0,1.0,,335.0,95113,0
60,50,13,6/29/2015,78.0,69.0,59.0,57.0,56.0,54.0,87.0,67.0,47.0,30.02,29.97,29.91,10.0,10.0,10.0,15.0,8.0,18.0,0,5.0,,306.0,95113,1
60,50,16,4/30/2015,88.0,69.0,50.0,49.0,44.0,35.0,77.0,49.0,20.0,29.89,29.84,29.76,10.0,10.0,10.0,15.0,4.0,18.0,0,1.0,,304.0,95113,1
60,50,17,12/6/2014,67.0,62.0,56.0,58.0,56.0,54.0,93.0,78.0,63.0,30.22,30.18,30.1,10.0,10.0,7.0,12.0,4.0,14.0,0.02,6.0,Rain,183.0,95113,0
60,50,36,6/26/2015,84.0,73.0,61.0,59.0,56.0,49.0,84.0,64.0,43.0,29.96,29.91,29.87,10.0,10.0,10.0,16.0,6.0,22.0,0,2.0,,297.0,95113,1
60,50,7,2/26/2014,61.0,57.0,52.0,57.0,51.0,45.0,100.0,83.0,66.0,29.96,29.86,29.7,10.0,9.0,3.0,29.0,13.0,40.0,0.68,7.0,Rain,129.0,95113,1
60,50,16,8/23/2015,77.0,69.0,60.0,59.0,57.0,55.0,90.0,72.0,54.0,30.02,29.98,29.94,10.0,10.0,10.0,16.0,7.0,20.0,0,6.0,,312.0,95113,0
60,50,13,7/6/2014,82.0,70.0,57.0,56.0,54.0,50.0,93.0,64.0,35.0,30.06,30.0,29.93,10.0,10.0,10.0,13.0,6.0,17.0,0,1.0,,294.0,95113,0
60,50,15,2/21/2014,72.0,57.0,42.0,48.0,41.0,32.0,83.0,54.0,24.0,30.12,30.06,29.98,10.0,10.0,10.0,15.0,4.0,17.0,0,1.0,,306.0,95113,1
60,50,9,1/27/2014,64.0,55.0,46.0,50.0,47.0,43.0,100.0,74.0,48.0,30.21,30.14,30.08,10.0,5.0,0.0,10.0,2.0,13.0,0,7.0,Fog,239.0,95113,1
60,50,10,3/9/2015,72.0,62.0,51.0,53.0,49.0,47.0,89.0,68.0,47.0,30.07,30.0,29.91,10.0,9.0,4.0,9.0,3.0,13.0,0,5.0,,305.0,95113,1
60,50,0,8/29/2015,80.0,72.0,64.0,65.0,62.0,54.0,93.0,70.0,47.0,30.01,29.96,29.92,10.0,10.0,10.0,21.0,9.0,26.0,0,4.0,,312.0,95113,0
60,50,8,8/24/2014,77.0,68.0,58.0,57.0,55.0,54.0,84.0,67.0,50.0,29.91,29.87,29.8,10.0,10.0,10.0,17.0,8.0,21.0,0,2.0,,284.0,95113,0
60,50,19,7/3/2014,81.0,69.0,56.0,58.0,54.0,52.0,93.0,68.0,43.0,29.94,29.91,29.88,10.0,10.0,8.0,16.0,7.0,21.0,0,0.0,,213.0,95113,1
60,50,11,12/23/2013,63.0,51.0,38.0,40.0,37.0,35.0,85.0,62.0,39.0,30.38,30.34,30.29,10.0,10.0,8.0,10.0,2.0,12.0,0,0.0,,291.0,95113,1
60,50,7,4/24/2014,68.0,59.0,50.0,52.0,48.0,45.0,83.0,66.0,48.0,30.13,30.07,29.99,10.0,10.0,10.0,21.0,7.0,25.0,T,5.0,Rain,304.0,95113,1
60,50,18,8/18/2015,81.0,70.0,58.0,61.0,58.0,55.0,87.0,68.0,48.0,29.93,29.9,29.86,10.0,8.0,5.0,14.0,8.0,24.0,0,2.0,,283.0,95113,1
60,50,20,6/18/2014,88.0,71.0,53.0,52.0,42.0,30.0,72.0,43.0,13.0,29.96,29.93,29.9,10.0,10.0,10.0,22.0,7.0,26.0,0,0.0,,296.0,95113,1
60,50,9,4/7/2014,82.0,68.0,53.0,53.0,50.0,46.0,83.0,59.0,34.0,30.15,30.1,30.05,10.0,10.0,10.0,15.0,4.0,18.0,0,0.0,,307.0,95113,1
60,50,21,5/8/2015,73.0,62.0,50.0,50.0,47.0,45.0,83.0,62.0,41.0,30.03,29.88,29.77,10.0,10.0,10.0,16.0,9.0,22.0,0,2.0,,76.0,95113,1
60,50,6,2/13/2014,69.0,59.0,49.0,55.0,51.0,46.0,100.0,80.0,59.0,30.23,30.17,30.1,10.0,6.0,0.0,13.0,4.0,15.0,0,5.0,Fog,276.0,95113,1
60,50,13,7/24/2014,85.0,72.0,59.0,59.0,56.0,52.0,90.0,65.0,39.0,30.05,29.94,29.83,10.0,10.0,10.0,18.0,7.0,23.0,0,1.0,,305.0,95113,1
60,50,12,12/26/2014,57.0,49.0,40.0,38.0,30.0,24.0,76.0,53.0,30.0,30.27,30.18,30.1,10.0,10.0,10.0,14.0,6.0,21.0,0,0.0,,292.0,95113,1
60,50,25,8/4/2015,76.0,67.0,58.0,55.0,53.0,51.0,80.0,63.0,46.0,30.02,29.99,29.96,10.0,10.0,10.0,18.0,8.0,23.0,0,4.0,,289.0,95113,1
60,50,2,11/26/2014,70.0,56.0,41.0,48.0,43.0,38.0,83.0,60.0,36.0,30.32,30.25,30.2,10.0,10.0,8.0,10.0,1.0,12.0,0,1.0,,352.0,95113,1
60,50,12,8/18/2014,76.0,68.0,59.0,59.0,57.0,55.0,90.0,72.0,53.0,29.92,29.87,29.82,10.0,10.0,8.0,17.0,6.0,22.0,0,4.0,,327.0,95113,1
60,50,19,9/9/2014,75.0,65.0,54.0,58.0,53.0,50.0,90.0,68.0,46.0,30.0,29.95,29.9,10.0,9.0,6.0,13.0,4.0,15.0,0,2.0,,304.0,95113,1
60,50,6,3/15/2014,79.0,64.0,48.0,51.0,46.0,40.0,86.0,56.0,26.0,30.3,30.26,30.23,10.0,10.0,10.0,15.0,5.0,18.0,0,0.0,,276.0,95113,0
60,50,4,1/5/2014,66.0,51.0,35.0,33.0,28.0,22.0,70.0,45.0,19.0,30.21,30.15,30.09,10.0,10.0,10.0,6.0,1.0,8.0,0,0.0,,125.0,95113,0
60,50,23,10/20/2014,68.0,61.0,54.0,58.0,55.0,50.0,90.0,75.0,59.0,30.08,29.97,29.91,10.0,10.0,7.0,24.0,6.0,29.0,T,5.0,Rain,131.0,95113,1
60,50,21,9/12/2014,85.0,72.0,59.0,61.0,57.0,48.0,93.0,61.0,29.0,29.9,29.85,29.78,10.0,9.0,6.0,13.0,4.0,22.0,0,1.0,,299.0,95113,1
60,50,18,10/31/2013,72.0,58.0,44.0,46.0,43.0,40.0,93.0,62.0,31.0,30.18,30.12,30.06,10.0,10.0,10.0,9.0,4.0,,0,0.0,,284.0,95113,1
60,50,19,3/8/2015,71.0,60.0,49.0,53.0,49.0,45.0,96.0,70.0,44.0,30.12,30.06,29.99,10.0,8.0,4.0,14.0,4.0,16.0,0,4.0,,301.0,95113,0
60,50,17,6/28/2014,77.0,68.0,59.0,56.0,53.0,49.0,78.0,61.0,43.0,29.97,29.95,29.91,10.0,10.0,10.0,21.0,9.0,28.0,0,1.0,,322.0,95113,0
60,50,13,9/15/2013,78.0,68.0,58.0,59.0,55.0,52.0,90.0,68.0,45.0,29.88,29.85,29.82,10.0,10.0,10.0,18.0,8.0,24.0,0,3.0,,317.0,95113,0
60,50,6,11/22/2013,69.0,58.0,47.0,32.0,22.0,15.0,50.0,31.0,12.0,30.04,29.97,29.9,10.0,10.0,10.0,18.0,7.0,22.0,0,2.0,,303.0,95113,1
60,50,17,9/19/2014,77.0,70.0,63.0,63.0,60.0,59.0,93.0,76.0,58.0,29.92,29.89,29.84,10.0,10.0,9.0,16.0,6.0,21.0,0,3.0,,305.0,95113,1
60,50,8,5/7/2014,70.0,59.0,48.0,46.0,44.0,41.0,80.0,60.0,40.0,30.03,29.97,29.92,10.0,10.0,6.0,21.0,7.0,26.0,0,4.0,,145.0,95113,1
60,50,9,5/20/2014,72.0,63.0,53.0,51.0,48.0,46.0,80.0,61.0,41.0,30.01,29.98,29.95,10.0,10.0,10.0,21.0,7.0,25.0,0,5.0,,308.0,95113,1
60,50,11,2/20/2015,70.0,61.0,51.0,52.0,50.0,46.0,93.0,69.0,44.0,30.09,30.01,29.92,10.0,7.0,2.0,12.0,4.0,14.0,0,4.0,,279.0,95113,1
60,50,11,12/17/2013,65.0,53.0,40.0,40.0,36.0,34.0,73.0,54.0,34.0,30.18,30.11,30.04,10.0,7.0,3.0,8.0,1.0,9.0,0,5.0,,223.0,95113,1
60,50,15,3/25/2015,74.0,62.0,50.0,53.0,49.0,47.0,89.0,64.0,38.0,30.25,30.2,30.13,10.0,10.0,10.0,20.0,6.0,25.0,0,2.0,,291.0,95113,1
60,50,13,10/2/2013,76.0,64.0,52.0,53.0,47.0,43.0,83.0,57.0,31.0,30.02,29.97,29.94,10.0,10.0,10.0,21.0,6.0,24.0,0,1.0,,313.0,95113,1
60,50,10,12/29/2013,67.0,52.0,36.0,31.0,27.0,19.0,76.0,47.0,18.0,30.17,30.13,30.09,10.0,10.0,10.0,7.0,2.0,10.0,0,0.0,,233.0,95113,0
60,50,6,4/30/2014,93.0,76.0,58.0,49.0,46.0,42.0,67.0,43.0,18.0,30.09,30.04,29.99,10.0,10.0,10.0,16.0,5.0,18.0,0,3.0,,291.0,95113,1
60,50,18,9/19/2013,87.0,71.0,54.0,50.0,46.0,37.0,77.0,48.0,18.0,29.86,29.81,29.75,10.0,10.0,10.0,18.0,6.0,22.0,0,0.0,,294.0,95113,1
60,50,14,9/8/2013,88.0,74.0,60.0,61.0,57.0,48.0,90.0,59.0,27.0,29.88,29.83,29.75,10.0,10.0,10.0,13.0,5.0,15.0,0,0.0,,301.0,95113,0
60,50,11,4/8/2014,87.0,72.0,56.0,55.0,52.0,47.0,80.0,54.0,28.0,30.11,30.06,30.01,10.0,10.0,10.0,17.0,4.0,21.0,0,4.0,,285.0,95113,1
60,50,18,10/30/2014,81.0,68.0,55.0,54.0,48.0,36.0,78.0,49.0,20.0,29.97,29.91,29.87,10.0,10.0,10.0,16.0,5.0,21.0,0,5.0,,202.0,95113,1
60,50,21,2/12/2015,72.0,58.0,44.0,53.0,48.0,42.0,92.0,68.0,44.0,30.21,30.16,30.12,10.0,10.0,10.0,10.0,2.0,15.0,0,3.0,,281.0,95113,1
60,50,4,12/2/2013,64.0,53.0,42.0,52.0,46.0,40.0,93.0,77.0,60.0,30.22,30.1,30.0,10.0,10.0,10.0,18.0,4.0,22.0,0,4.0,,309.0,95113,1
60,50,3,11/16/2014,64.0,55.0,45.0,45.0,30.0,14.0,93.0,53.0,13.0,30.25,30.22,30.18,10.0,10.0,10.0,14.0,3.0,17.0,0,5.0,,287.0,95113,0
60,50,22,12/8/2014,71.0,60.0,49.0,56.0,52.0,49.0,100.0,75.0,49.0,30.18,30.15,30.1,10.0,10.0,8.0,13.0,4.0,15.0,0,4.0,,131.0,95113,1
60,50,15,12/25/2013,67.0,52.0,37.0,39.0,36.0,31.0,85.0,59.0,32.0,30.3,30.24,30.19,10.0,10.0,10.0,7.0,2.0,8.0,0,0.0,,166.0,95113,1
60,50,24,9/20/2014,77.0,70.0,62.0,63.0,59.0,57.0,93.0,74.0,54.0,29.96,29.91,29.87,10.0,10.0,7.0,17.0,6.0,23.0,0,4.0,,305.0,95113,0
60,50,16,4/29/2014,86.0,67.0,48.0,46.0,43.0,39.0,77.0,48.0,19.0,30.2,30.13,30.04,10.0,10.0,10.0,15.0,4.0,20.0,0,3.0,,311.0,95113,1
60,50,20,8/26/2014,77.0,67.0,56.0,57.0,54.0,51.0,80.0,63.0,46.0,30.01,29.98,29.93,10.0,10.0,10.0,15.0,5.0,24.0,0,1.0,,275.0,95113,1
60,50,16,8/31/2015,85.0,72.0,59.0,59.0,55.0,51.0,84.0,58.0,32.0,29.95,29.9,29.85,10.0,10.0,10.0,20.0,6.0,24.0,0,1.0,,308.0,95113,1
60,50,4,11/11/2014,65.0,59.0,52.0,52.0,48.0,45.0,86.0,69.0,52.0,29.98,29.92,29.86,10.0,10.0,10.0,18.0,7.0,22.0,0,6.0,,147.0,95113,1
60,50,20,9/17/2013,75.0,66.0,56.0,54.0,52.0,46.0,80.0,58.0,36.0,29.9,29.89,29.87,10.0,10.0,10.0,25.0,8.0,30.0,T,1.0,,309.0,95113,1
60,50,9,1/13/2014,68.0,56.0,43.0,35.0,33.0,31.0,70.0,48.0,26.0,30.46,30.39,30.34,10.0,10.0,10.0,9.0,3.0,14.0,0,0.0,,236.0,95113,1
60,50,7,10/10/2013,74.0,62.0,50.0,51.0,46.0,37.0,86.0,59.0,31.0,30.02,29.9,29.78,10.0,10.0,10.0,16.0,7.0,,0,1.0,,166.0,95113,1
60,50,16,8/1/2014,82.0,71.0,60.0,61.0,60.0,56.0,97.0,73.0,48.0,29.91,29.9,29.86,10.0,10.0,8.0,16.0,6.0,20.0,0,2.0,,297.0,95113,1
60,50,2,12/21/2013,60.0,48.0,36.0,47.0,36.0,20.0,86.0,63.0,39.0,30.09,30.03,29.98,10.0,10.0,10.0,14.0,3.0,17.0,0,0.0,,303.0,95113,0
60,50,8,11/29/2013,71.0,57.0,43.0,45.0,41.0,39.0,86.0,60.0,33.0,30.23,30.15,30.09,10.0,10.0,10.0,12.0,2.0,13.0,0,0.0,,285.0,95113,1
60,50,15,2/18/2014,64.0,54.0,43.0,49.0,44.0,38.0,89.0,64.0,39.0,30.21,30.15,30.1,10.0,10.0,10.0,20.0,4.0,24.0,0,5.0,,316.0,95113,1
60,50,15,8/25/2015,80.0,70.0,59.0,60.0,58.0,57.0,90.0,71.0,52.0,30.01,29.98,29.93,10.0,9.0,6.0,16.0,6.0,20.0,0,4.0,,301.0,95113,1
60,50,13,2/2/2015,68.0,55.0,42.0,49.0,44.0,37.0,83.0,64.0,45.0,30.19,30.13,30.08,10.0,9.0,6.0,10.0,2.0,10.0,T,3.0,,291.0,95113,1
60,50,14,5/17/2015,65.0,60.0,55.0,49.0,47.0,45.0,72.0,64.0,56.0,30.08,30.04,30.02,10.0,10.0,10.0,20.0,8.0,24.0,0,6.0,,288.0,95113,0
60,50,12,12/24/2013,70.0,54.0,38.0,39.0,37.0,35.0,86.0,59.0,31.0,30.35,30.27,30.2,10.0,10.0,9.0,10.0,3.0,13.0,0,1.0,,282.0,95113,1
60,50,22,7/6/2015,77.0,70.0,63.0,58.0,57.0,56.0,84.0,67.0,50.0,30.09,30.04,30.0,10.0,10.0,10.0,22.0,9.0,26.0,0,5.0,,318.0,95113,1
60,50,1,12/2/2014,61.0,58.0,54.0,58.0,55.0,54.0,100.0,92.0,84.0,29.93,29.81,29.68,10.0,5.0,0.0,18.0,6.0,23.0,1.2,7.0,Fog-Rain,134.0,95113,1
60,50,14,4/24/2015,67.0,59.0,50.0,46.0,42.0,37.0,77.0,57.0,37.0,30.04,29.99,29.93,10.0,10.0,10.0,23.0,10.0,36.0,T,4.0,Rain,252.0,95113,1
60,50,12,5/25/2014,83.0,69.0,54.0,50.0,48.0,42.0,83.0,55.0,26.0,29.98,29.95,29.92,10.0,10.0,10.0,18.0,7.0,22.0,0,1.0,,315.0,95113,0
60,50,21,5/29/2015,69.0,62.0,54.0,54.0,52.0,50.0,86.0,72.0,57.0,30.01,29.98,29.93,10.0,10.0,10.0,16.0,6.0,20.0,0,6.0,,308.0,95113,1
60,50,1,11/27/2014,69.0,56.0,43.0,47.0,43.0,40.0,86.0,62.0,37.0,30.2,30.12,30.05,10.0,9.0,7.0,6.0,1.0,8.0,0,2.0,,320.0,95113,1
60,50,8,10/22/2013,72.0,62.0,51.0,55.0,52.0,49.0,100.0,72.0,44.0,30.03,29.99,29.92,10.0,7.0,2.0,10.0,3.0,13.0,0,4.0,,298.0,95113,1
60,50,15,11/26/2013,63.0,53.0,43.0,44.0,42.0,39.0,89.0,66.0,43.0,30.26,30.16,30.04,10.0,10.0,8.0,8.0,1.0,12.0,0,5.0,,236.0,95113,1
60,50,13,7/13/2015,78.0,69.0,60.0,58.0,56.0,54.0,84.0,67.0,50.0,30.04,29.99,29.94,10.0,10.0,10.0,22.0,9.0,29.0,0,4.0,,308.0,95113,1
60,50,14,3/27/2015,70.0,63.0,55.0,56.0,52.0,48.0,93.0,74.0,55.0,30.18,30.13,30.08,10.0,10.0,10.0,20.0,6.0,23.0,0,1.0,,307.0,95113,1
60,50,16,6/15/2015,69.0,62.0,54.0,54.0,52.0,50.0,86.0,72.0,58.0,29.97,29.9,29.86,10.0,9.0,4.0,16.0,6.0,21.0,0,3.0,,327.0,95113,1
60,50,20,6/2/2014,75.0,63.0,51.0,52.0,49.0,46.0,89.0,67.0,44.0,29.92,29.87,29.84,10.0,10.0,10.0,21.0,10.0,24.0,0,1.0,,103.0,95113,1
60,50,18,9/2/2014,77.0,68.0,59.0,60.0,58.0,56.0,93.0,72.0,50.0,29.85,29.81,29.77,10.0,10.0,9.0,15.0,6.0,20.0,0,0.0,,300.0,95113,1
60,50,8,11/11/2013,66.0,59.0,52.0,53.0,49.0,47.0,96.0,74.0,52.0,30.17,30.12,30.08,9.0,7.0,3.0,7.0,2.0,16.0,0,7.0,,316.0,95113,1
60,50,7,6/29/2014,87.0,72.0,57.0,56.0,52.0,46.0,80.0,56.0,32.0,29.95,29.89,29.83,10.0,10.0,10.0,17.0,5.0,21.0,0,0.0,,299.0,95113,0
60,50,16,8/20/2014,81.0,71.0,60.0,58.0,56.0,51.0,84.0,60.0,36.0,29.93,29.88,29.85,10.0,10.0,10.0,16.0,9.0,21.0,0,3.0,,145.0,95113,1
60,50,17,3/18/2014,71.0,58.0,44.0,46.0,34.0,22.0,86.0,52.0,17.0,29.98,29.94,29.89,10.0,10.0,10.0,20.0,6.0,24.0,0,0.0,,301.0,95113,1
60,50,24,12/22/2014,63.0,58.0,52.0,56.0,55.0,52.0,100.0,86.0,72.0,30.29,30.23,30.18,10.0,9.0,2.0,10.0,5.0,14.0,0,5.0,,300.0,95113,1
60,50,7,4/26/2014,63.0,55.0,48.0,45.0,40.0,34.0,83.0,62.0,35.0,30.11,29.97,29.86,10.0,10.0,10.0,17.0,11.0,26.0,0,6.0,,273.0,95113,0
60,50,6,3/7/2015,76.0,60.0,44.0,51.0,42.0,36.0,77.0,54.0,31.0,30.14,30.07,29.99,10.0,10.0,10.0,12.0,4.0,14.0,0,0.0,,300.0,95113,0
60,50,9,1/22/2014,72.0,55.0,38.0,46.0,31.0,21.0,86.0,51.0,15.0,30.16,30.04,29.93,10.0,10.0,10.0,9.0,3.0,13.0,0,0.0,,307.0,95113,1
60,50,12,8/7/2014,78.0,70.0,62.0,60.0,57.0,56.0,84.0,69.0,53.0,29.98,29.95,29.9,10.0,10.0,7.0,16.0,6.0,20.0,0,3.0,,302.0,95113,1
60,50,9,1/4/2015,56.0,45.0,34.0,38.0,35.0,32.0,89.0,68.0,47.0,30.43,30.38,30.33,10.0,10.0,8.0,10.0,2.0,15.0,0,3.0,,296.0,95113,0
60,50,21,2/15/2014,63.0,56.0,48.0,52.0,49.0,46.0,93.0,80.0,67.0,30.06,30.02,29.98,10.0,10.0,10.0,18.0,6.0,23.0,0.02,6.0,Rain,128.0,95113,0
60,50,11,9/24/2013,75.0,67.0,58.0,58.0,52.0,46.0,93.0,66.0,38.0,30.01,29.97,29.94,10.0,10.0,10.0,25.0,10.0,30.0,0,1.0,,301.0,95113,1
60,50,3,11/10/2014,73.0,60.0,46.0,55.0,51.0,46.0,100.0,77.0,53.0,29.85,29.82,29.78,10.0,6.0,0.0,15.0,5.0,20.0,0,3.0,Fog,153.0,95113,1
60,50,12,3/11/2014,71.0,63.0,54.0,44.0,30.0,19.0,66.0,42.0,18.0,30.18,30.09,30.01,10.0,10.0,10.0,25.0,11.0,38.0,0,1.0,,317.0,95113,1
60,50,8,6/3/2015,72.0,63.0,53.0,50.0,49.0,47.0,77.0,62.0,47.0,29.98,29.94,29.9,10.0,10.0,10.0,18.0,7.0,24.0,0,4.0,,248.0,95113,1
60,50,15,8/13/2015,80.0,72.0,64.0,63.0,58.0,52.0,87.0,63.0,39.0,30.06,30.03,29.99,10.0,10.0,10.0,21.0,9.0,25.0,0,3.0,,317.0,95113,1
60,50,16,9/1/2013,81.0,72.0,62.0,61.0,57.0,51.0,84.0,62.0,39.0,29.96,29.93,29.88,10.0,10.0,10.0,20.0,7.0,24.0,0,2.0,,308.0,95113,0
60,50,12,9/4/2013,79.0,69.0,59.0,58.0,55.0,51.0,84.0,62.0,40.0,30.05,30.01,29.96,10.0,10.0,10.0,22.0,8.0,29.0,0,1.0,,322.0,95113,1
60,50,20,10/22/2014,72.0,60.0,48.0,57.0,49.0,42.0,86.0,62.0,37.0,30.09,30.05,30.0,10.0,10.0,10.0,13.0,5.0,16.0,0,4.0,,296.0,95113,1
60,50,16,7/21/2014,79.0,71.0,62.0,60.0,57.0,56.0,78.0,63.0,48.0,30.04,30.01,29.98,10.0,10.0,10.0,18.0,8.0,23.0,0,3.0,,273.0,95113,1
60,50,20,3/26/2015,85.0,69.0,52.0,55.0,50.0,44.0,83.0,55.0,26.0,30.18,30.11,30.04,10.0,10.0,10.0,13.0,3.0,15.0,0,0.0,,290.0,95113,1
60,50,26,7/11/2015,75.0,67.0,58.0,55.0,53.0,52.0,78.0,66.0,53.0,30.01,29.97,29.93,10.0,10.0,10.0,24.0,7.0,28.0,0,3.0,,311.0,95113,0
60,50,23,10/27/2014,70.0,58.0,46.0,51.0,46.0,41.0,93.0,65.0,37.0,30.08,30.04,30.0,10.0,10.0,10.0,17.0,5.0,21.0,0,2.0,,311.0,95113,1
60,50,5,11/13/2013,74.0,60.0,46.0,54.0,49.0,43.0,93.0,63.0,33.0,30.26,30.18,30.11,10.0,10.0,10.0,12.0,3.0,13.0,0,3.0,,292.0,95113,1
60,50,19,9/11/2014,89.0,73.0,57.0,60.0,55.0,44.0,90.0,56.0,22.0,29.91,29.86,29.81,10.0,10.0,8.0,14.0,5.0,20.0,0,1.0,,299.0,95113,1
60,50,9,5/19/2014,71.0,61.0,51.0,48.0,46.0,44.0,77.0,59.0,40.0,29.99,29.96,29.94,10.0,10.0,10.0,22.0,9.0,39.0,0,5.0,,284.0,95113,1
60,50,4,11/27/2013,65.0,54.0,43.0,45.0,43.0,41.0,92.0,68.0,44.0,30.02,29.91,29.84,10.0,9.0,6.0,10.0,2.0,13.0,0,4.0,,284.0,95113,1
60,50,0,8/30/2015,78.0,70.0,62.0,60.0,57.0,53.0,84.0,64.0,43.0,30.06,30.01,29.95,10.0,10.0,10.0,22.0,10.0,29.0,0,3.0,,291.0,95113,0
60,50,10,9/23/2013,80.0,67.0,54.0,61.0,54.0,51.0,86.0,63.0,39.0,30.03,29.98,29.93,10.0,10.0,10.0,20.0,6.0,25.0,0,0.0,,321.0,95113,1
60,50,15,1/7/2014,63.0,54.0,44.0,44.0,39.0,35.0,80.0,58.0,36.0,30.22,30.18,30.13,10.0,10.0,8.0,10.0,3.0,12.0,0,4.0,,235.0,95113,1
60,50,15,5/26/2015,69.0,63.0,57.0,52.0,50.0,48.0,80.0,68.0,55.0,30.02,29.99,29.96,10.0,10.0,10.0,18.0,8.0,23.0,0,5.0,,321.0,95113,1
60,50,12,3/22/2014,71.0,59.0,46.0,49.0,45.0,42.0,86.0,62.0,37.0,30.13,30.06,30.0,10.0,10.0,10.0,15.0,6.0,17.0,0,1.0,,178.0,95113,0
60,50,9,2/12/2014,63.0,56.0,49.0,50.0,47.0,41.0,93.0,78.0,48.0,30.29,30.23,30.19,10.0,8.0,3.0,12.0,3.0,14.0,0,7.0,,294.0,95113,1
60,50,1,11/23/2014,65.0,55.0,45.0,48.0,42.0,35.0,93.0,64.0,34.0,30.33,30.29,30.25,10.0,10.0,10.0,13.0,5.0,15.0,0,2.0,,276.0,95113,0
60,50,0,2/2/2014,54.0,48.0,41.0,46.0,39.0,34.0,100.0,80.0,59.0,30.07,29.93,29.86,10.0,10.0,8.0,28.0,10.0,36.0,0.08,5.0,Rain,125.0,95113,0
60,50,15,3/6/2015,72.0,58.0,44.0,44.0,40.0,37.0,76.0,54.0,31.0,30.3,30.23,30.15,10.0,10.0,10.0,12.0,3.0,,0,0.0,,303.0,95113,1
60,50,10,4/19/2014,69.0,60.0,50.0,52.0,47.0,37.0,86.0,60.0,34.0,30.14,30.07,29.97,10.0,10.0,10.0,20.0,7.0,26.0,0,2.0,,342.0,95113,0
60,50,14,10/6/2013,83.0,67.0,51.0,40.0,34.0,29.0,50.0,32.0,14.0,30.12,30.06,30.0,10.0,10.0,10.0,13.0,4.0,15.0,0,4.0,,299.0,95113,0
60,50,16,2/19/2015,66.0,60.0,53.0,53.0,52.0,51.0,93.0,78.0,63.0,30.16,30.12,30.04,9.0,5.0,1.0,14.0,3.0,17.0,0,6.0,,285.0,95113,1
60,50,14,5/27/2015,72.0,65.0,57.0,54.0,50.0,48.0,80.0,65.0,49.0,30.04,30.01,29.99,10.0,10.0,10.0,22.0,8.0,28.0,0,5.0,,323.0,95113,1
60,50,10,5/18/2014,72.0,64.0,56.0,52.0,47.0,42.0,72.0,60.0,47.0,30.01,29.99,29.96,10.0,10.0,10.0,24.0,11.0,28.0,0,2.0,,308.0,95113,0
60,50,36,5/30/2015,73.0,63.0,53.0,56.0,52.0,50.0,86.0,70.0,53.0,29.97,29.94,29.88,10.0,10.0,8.0,18.0,6.0,22.0,0,6.0,,311.0,95113,0
60,50,8,1/30/2014,60.0,56.0,51.0,50.0,47.0,41.0,96.0,74.0,51.0,29.99,29.92,29.87,10.0,10.0,7.0,14.0,8.0,,0.1,6.0,Rain,285.0,95113,1
60,50,7,5/26/2014,82.0,68.0,54.0,53.0,48.0,31.0,83.0,55.0,26.0,30.04,30.0,29.97,10.0,10.0,10.0,20.0,8.0,25.0,0,0.0,,314.0,95113,1
60,50,2,9/21/2013,70.0,64.0,57.0,61.0,57.0,53.0,100.0,79.0,57.0,29.91,29.85,29.82,10.0,8.0,1.0,20.0,7.0,28.0,0.66,6.0,Rain,194.0,95113,0
60,50,25,8/21/2015,79.0,70.0,60.0,60.0,57.0,55.0,84.0,67.0,50.0,29.91,29.88,29.85,10.0,10.0,8.0,16.0,8.0,21.0,0,3.0,,225.0,95113,1
60,50,17,8/3/2015,77.0,69.0,61.0,56.0,54.0,52.0,78.0,62.0,46.0,29.98,29.95,29.92,10.0,10.0,10.0,21.0,9.0,24.0,0,4.0,,293.0,95113,1
60,50,6,10/11/2014,77.0,65.0,53.0,57.0,53.0,48.0,93.0,66.0,38.0,30.07,30.02,29.97,10.0,10.0,7.0,14.0,4.0,16.0,0,3.0,,293.0,95113,0
60,50,11,11/25/2013,65.0,53.0,40.0,44.0,41.0,38.0,89.0,64.0,39.0,30.33,30.28,30.25,10.0,10.0,8.0,9.0,2.0,12.0,0,1.0,,354.0,95113,1
60,50,16,1/3/2014,64.0,52.0,40.0,37.0,35.0,32.0,76.0,53.0,30.0,30.07,30.02,29.96,10.0,10.0,10.0,8.0,2.0,10.0,0,3.0,,354.0,95113,1
60,50,5,2/6/2015,65.0,61.0,57.0,61.0,54.0,42.0,100.0,76.0,51.0,29.94,29.89,29.83,10.0,7.0,2.0,31.0,16.0,41.0,1.26,6.0,Rain,120.0,95113,1
60,50,9,6/16/2014,71.0,62.0,53.0,50.0,45.0,40.0,83.0,58.0,33.0,29.93,29.91,29.87,10.0,10.0,10.0,21.0,7.0,24.0,0,1.0,,271.0,95113,1
60,50,9,5/11/2014,78.0,63.0,48.0,45.0,38.0,31.0,80.0,49.0,18.0,30.1,30.06,30.01,10.0,10.0,10.0,25.0,9.0,30.0,0,1.0,,299.0,95113,0
60,50,5,8/3/2014,74.0,66.0,58.0,58.0,56.0,55.0,93.0,75.0,57.0,29.97,29.94,29.91,10.0,10.0,10.0,16.0,7.0,21.0,0,6.0,,328.0,95113,0
60,50,12,12/28/2013,66.0,51.0,35.0,39.0,34.0,28.0,92.0,59.0,26.0,30.15,30.09,30.03,10.0,9.0,7.0,13.0,3.0,15.0,0,0.0,,321.0,95113,0
60,50,17,10/30/2013,67.0,56.0,44.0,48.0,44.0,41.0,92.0,67.0,42.0,30.16,30.11,30.07,10.0,10.0,10.0,17.0,5.0,22.0,0,1.0,,260.0,95113,1
60,50,24,10/29/2014,78.0,64.0,50.0,52.0,48.0,46.0,86.0,60.0,33.0,30.12,30.05,29.97,10.0,10.0,10.0,8.0,2.0,10.0,0,1.0,,301.0,95113,1
60,50,9,4/10/2014,80.0,66.0,52.0,56.0,50.0,38.0,96.0,60.0,23.0,30.04,29.98,29.89,10.0,9.0,5.0,13.0,4.0,14.0,0,5.0,,300.0,95113,1
60,50,15,1/26/2015,65.0,52.0,39.0,45.0,41.0,36.0,86.0,63.0,40.0,30.04,30.01,29.96,10.0,10.0,10.0,8.0,2.0,12.0,0,4.0,,286.0,95113,1
60,50,8,5/27/2014,74.0,63.0,52.0,49.0,46.0,43.0,83.0,59.0,35.0,30.06,30.03,29.99,10.0,10.0,10.0,22.0,8.0,26.0,0,0.0,,313.0,95113,1
60,50,17,10/18/2014,78.0,66.0,54.0,58.0,51.0,48.0,84.0,60.0,35.0,29.99,29.94,29.87,10.0,10.0,10.0,17.0,5.0,22.0,0,0.0,,311.0,95113,0
60,50,18,9/23/2014,78.0,69.0,59.0,63.0,59.0,55.0,90.0,70.0,50.0,30.02,29.97,29.91,10.0,10.0,10.0,17.0,6.0,20.0,0,4.0,,317.0,95113,1
60,50,17,9/15/2014,77.0,69.0,60.0,59.0,56.0,51.0,90.0,67.0,43.0,29.94,29.89,29.85,10.0,10.0,8.0,18.0,7.0,22.0,0,2.0,,317.0,95113,1
60,50,4,10/6/2014,88.0,72.0,56.0,59.0,51.0,38.0,90.0,54.0,17.0,29.93,29.89,29.83,10.0,10.0,10.0,12.0,3.0,14.0,0,1.0,,297.0,95113,1
60,50,12,2/7/2015,68.0,63.0,58.0,62.0,58.0,55.0,93.0,86.0,78.0,30.08,30.02,29.95,10.0,10.0,6.0,22.0,8.0,28.0,0.03,6.0,Rain,137.0,95113,0
60,50,12,4/3/2015,73.0,59.0,44.0,44.0,35.0,29.0,65.0,43.0,20.0,30.23,30.17,30.12,10.0,10.0,10.0,22.0,7.0,26.0,0,0.0,,330.0,95113,1
60,50,2,12/3/2014,62.0,60.0,57.0,61.0,58.0,55.0,100.0,92.0,84.0,29.9,29.79,29.7,10.0,6.0,2.0,25.0,12.0,33.0,1.28,7.0,Rain,124.0,95113,1
60,50,21,4/16/2015,80.0,64.0,48.0,45.0,35.0,28.0,71.0,44.0,16.0,30.07,30.01,29.95,10.0,10.0,10.0,18.0,7.0,22.0,0,0.0,,303.0,95113,1
60,50,19,10/26/2013,75.0,61.0,46.0,52.0,48.0,44.0,93.0,66.0,38.0,30.16,30.09,30.02,10.0,10.0,9.0,12.0,2.0,17.0,0,1.0,,288.0,95113,0
60,50,1,12/7/2014,65.0,58.0,51.0,56.0,53.0,51.0,100.0,84.0,67.0,30.22,30.18,30.14,10.0,7.0,0.0,13.0,2.0,15.0,0,5.0,Fog,122.0,95113,0
60,50,5,10/5/2014,90.0,74.0,58.0,53.0,45.0,38.0,58.0,38.0,17.0,29.96,29.91,29.86,10.0,10.0,10.0,14.0,3.0,15.0,0,1.0,,296.0,95113,0
60,50,19,8/19/2014,79.0,70.0,61.0,59.0,56.0,55.0,84.0,66.0,48.0,29.88,29.84,29.79,10.0,10.0,9.0,15.0,7.0,20.0,0,5.0,,145.0,95113,1
60,50,12,4/18/2014,71.0,61.0,51.0,52.0,48.0,44.0,83.0,64.0,44.0,29.96,29.91,29.88,10.0,10.0,10.0,20.0,6.0,22.0,0,2.0,,322.0,95113,1
60,50,18,3/12/2015,72.0,62.0,51.0,54.0,50.0,46.0,86.0,68.0,49.0,30.27,30.22,30.13,10.0,10.0,9.0,14.0,5.0,17.0,0,5.0,,279.0,95113,1
60,50,14,12/19/2013,58.0,50.0,42.0,42.0,36.0,23.0,96.0,66.0,36.0,29.94,29.82,29.75,10.0,10.0,9.0,18.0,7.0,21.0,0,3.0,,288.0,95113,1
60,50,11,2/27/2015,63.0,57.0,51.0,50.0,46.0,41.0,89.0,72.0,55.0,29.93,29.86,29.77,10.0,10.0,10.0,22.0,10.0,26.0,0,4.0,,284.0,95113,1
60,50,6,9/5/2013,78.0,68.0,58.0,56.0,54.0,52.0,80.0,60.0,40.0,30.03,30.0,29.97,10.0,10.0,10.0,23.0,8.0,30.0,0,1.0,,329.0,95113,1
60,50,6,2/11/2014,62.0,56.0,49.0,52.0,49.0,46.0,100.0,80.0,60.0,30.26,30.23,30.17,10.0,6.0,1.0,14.0,3.0,17.0,0,7.0,,325.0,95113,1
60,50,14,12/27/2013,60.0,48.0,36.0,40.0,37.0,32.0,89.0,67.0,44.0,30.24,30.18,30.12,10.0,9.0,7.0,14.0,1.0,15.0,0,4.0,,16.0,95113,1
60,50,3,12/22/2013,67.0,52.0,37.0,42.0,38.0,33.0,96.0,63.0,29.0,30.29,30.2,30.09,10.0,10.0,10.0,15.0,3.0,17.0,0,0.0,,307.0,95113,0
60,50,21,1/23/2014,67.0,54.0,40.0,37.0,32.0,29.0,80.0,52.0,24.0,30.01,29.92,29.87,10.0,10.0,7.0,13.0,2.0,14.0,0,0.0,,208.0,95113,1
60,50,15,7/2/2014,81.0,69.0,57.0,58.0,54.0,52.0,86.0,64.0,42.0,29.91,29.87,29.84,10.0,10.0,10.0,22.0,8.0,25.0,0,2.0,,113.0,95113,1
60,50,13,6/28/2015,75.0,68.0,61.0,59.0,57.0,56.0,90.0,74.0,57.0,30.01,29.99,29.96,10.0,10.0,10.0,16.0,8.0,21.0,0,4.0,,303.0,95113,0
60,50,8,12/20/2013,60.0,48.0,35.0,25.0,16.0,2.0,64.0,37.0,9.0,30.01,29.98,29.94,10.0,10.0,10.0,13.0,3.0,16.0,0,1.0,,287.0,95113,1
60,50,23,2/25/2015,68.0,54.0,40.0,49.0,40.0,30.0,83.0,60.0,37.0,30.31,30.21,30.09,10.0,10.0,10.0,17.0,5.0,22.0,0,2.0,,315.0,95113,1
60,50,27,12/23/2014,68.0,59.0,49.0,54.0,50.0,46.0,100.0,76.0,52.0,30.22,30.17,30.12,10.0,5.0,0.0,13.0,3.0,16.0,0.02,2.0,Fog,283.0,95113,1
60,50,4,3/25/2014,67.0,56.0,44.0,53.0,45.0,39.0,89.0,66.0,43.0,30.06,29.96,29.88,10.0,10.0,9.0,20.0,4.0,23.0,0.08,4.0,Rain,250.0,95113,1
60,50,18,9/16/2014,81.0,69.0,56.0,59.0,53.0,42.0,90.0,58.0,26.0,29.94,29.88,29.8,10.0,10.0,10.0,16.0,5.0,20.0,0,1.0,,301.0,95113,1
60,50,22,3/31/2015,68.0,59.0,50.0,50.0,43.0,37.0,77.0,57.0,37.0,30.2,30.15,30.1,10.0,10.0,10.0,23.0,9.0,30.0,0,1.0,,297.0,95113,1
60,50,19,5/24/2015,70.0,61.0,52.0,53.0,49.0,46.0,83.0,64.0,45.0,30.06,30.0,29.96,10.0,10.0,10.0,21.0,9.0,26.0,0,2.0,,310.0,95113,0
60,50,4,12/19/2014,57.0,55.0,52.0,55.0,52.0,47.0,100.0,86.0,72.0,30.19,30.15,30.12,10.0,10.0,5.0,20.0,9.0,25.0,0.19,7.0,Rain,119.0,95113,1
60,50,15,3/21/2015,72.0,61.0,49.0,52.0,49.0,42.0,80.0,58.0,35.0,30.19,30.15,30.08,10.0,10.0,10.0,15.0,5.0,18.0,0,5.0,,288.0,95113,0
60,50,21,7/20/2015,87.0,76.0,64.0,63.0,59.0,55.0,78.0,61.0,43.0,30.04,29.98,29.93,10.0,10.0,10.0,21.0,8.0,26.0,0,3.0,,291.0,95113,1
60,50,9,4/27/2014,67.0,59.0,51.0,48.0,44.0,41.0,71.0,60.0,48.0,30.15,30.09,30.05,10.0,10.0,10.0,22.0,9.0,28.0,0,5.0,,273.0,95113,0
60,50,7,2/16/2015,72.0,60.0,47.0,55.0,48.0,42.0,93.0,69.0,44.0,30.04,30.0,29.94,10.0,9.0,5.0,13.0,4.0,15.0,0,3.0,,290.0,95113,1
60,50,19,9/24/2014,80.0,71.0,62.0,63.0,60.0,57.0,87.0,70.0,52.0,29.98,29.93,29.86,10.0,10.0,10.0,23.0,6.0,25.0,0,4.0,,304.0,95113,1
60,50,9,11/15/2013,65.0,55.0,44.0,47.0,43.0,36.0,93.0,64.0,34.0,29.9,29.82,29.74,10.0,10.0,10.0,15.0,4.0,18.0,0,1.0,,298.0,95113,1
60,50,9,1/28/2014,67.0,58.0,48.0,59.0,51.0,45.0,93.0,73.0,52.0,30.27,30.22,30.19,10.0,9.0,3.0,16.0,4.0,22.0,0,7.0,,305.0,95113,1
60,50,11,7/15/2014,83.0,72.0,61.0,63.0,59.0,55.0,90.0,72.0,53.0,29.99,29.95,29.92,10.0,10.0,10.0,14.0,7.0,22.0,T,4.0,,291.0,95113,1
60,50,10,10/7/2014,81.0,69.0,56.0,59.0,55.0,43.0,93.0,60.0,26.0,29.94,29.89,29.83,10.0,10.0,7.0,14.0,4.0,16.0,0,2.0,,294.0,95113,1
60,50,2,9/30/2014,76.0,65.0,54.0,56.0,54.0,44.0,93.0,63.0,33.0,30.01,29.94,29.84,10.0,10.0,10.0,15.0,5.0,20.0,0,1.0,,319.0,95113,1
60,50,13,4/7/2015,61.0,54.0,47.0,53.0,42.0,36.0,100.0,70.0,39.0,30.08,29.91,29.79,10.0,9.0,3.0,21.0,9.0,28.0,0,5.0,Rain,192.0,95113,1
60,50,18,9/8/2014,70.0,63.0,56.0,54.0,52.0,51.0,86.0,70.0,53.0,29.96,29.89,29.85,10.0,10.0,9.0,16.0,7.0,20.0,0,3.0,,320.0,95113,1
60,50,17,5/21/2015,68.0,62.0,55.0,52.0,48.0,46.0,80.0,64.0,48.0,29.99,29.95,29.92,10.0,10.0,10.0,16.0,7.0,18.0,0,7.0,,295.0,95113,1
60,50,18,6/13/2014,79.0,66.0,53.0,51.0,47.0,42.0,77.0,54.0,31.0,29.99,29.96,29.92,10.0,10.0,9.0,21.0,7.0,24.0,0,0.0,,302.0,95113,1
60,50,11,12/30/2014,53.0,45.0,37.0,37.0,23.0,10.0,82.0,51.0,20.0,30.24,30.15,30.11,10.0,10.0,10.0,31.0,13.0,39.0,0,1.0,,319.0,95113,1
60,50,19,8/22/2015,81.0,70.0,59.0,60.0,56.0,55.0,87.0,66.0,45.0,29.95,29.9,29.86,10.0,10.0,10.0,16.0,7.0,20.0,0,4.0,,123.0,95113,0
60,50,7,12/7/2013,49.0,42.0,35.0,47.0,31.0,25.0,93.0,66.0,39.0,30.25,30.11,29.93,10.0,10.0,6.0,25.0,10.0,31.0,0.09,2.0,Rain,284.0,95113,0
60,50,7,10/14/2014,72.0,64.0,55.0,56.0,54.0,51.0,93.0,71.0,49.0,29.95,29.89,29.84,10.0,10.0,8.0,23.0,11.0,35.0,0,4.0,,150.0,95113,1
60,50,7,11/19/2014,66.0,59.0,52.0,56.0,45.0,28.0,100.0,64.0,27.0,30.14,30.06,30.01,10.0,10.0,5.0,21.0,8.0,28.0,T,5.0,Rain,123.0,95113,1
60,50,10,12/5/2014,65.0,60.0,55.0,58.0,56.0,54.0,100.0,87.0,73.0,30.09,30.03,29.99,10.0,10.0,9.0,17.0,8.0,22.0,0.02,7.0,Rain,116.0,95113,1
60,50,16,3/28/2015,78.0,64.0,49.0,52.0,47.0,42.0,83.0,56.0,29.0,30.19,30.13,30.06,10.0,10.0,10.0,17.0,6.0,29.0,0,2.0,,304.0,95113,0
60,50,5,11/16/2013,63.0,52.0,40.0,50.0,44.0,37.0,92.0,66.0,39.0,29.94,29.87,29.8,10.0,10.0,10.0,17.0,6.0,22.0,0,2.0,,114.0,95113,0
60,50,6,3/26/2014,63.0,57.0,50.0,52.0,47.0,43.0,89.0,70.0,51.0,29.99,29.88,29.84,10.0,10.0,5.0,18.0,7.0,24.0,0.08,5.0,Rain,199.0,95113,1
60,50,9,7/25/2014,94.0,78.0,61.0,59.0,52.0,42.0,78.0,48.0,17.0,29.88,29.85,29.81,10.0,10.0,10.0,18.0,6.0,22.0,0,1.0,,299.0,95113,1
60,50,10,8/16/2014,80.0,70.0,60.0,58.0,56.0,54.0,90.0,68.0,45.0,30.05,30.0,29.96,10.0,10.0,8.0,16.0,6.0,20.0,0,3.0,,302.0,95113,0
60,50,14,4/28/2014,73.0,60.0,47.0,48.0,43.0,36.0,77.0,55.0,32.0,30.23,30.18,30.15,10.0,10.0,10.0,21.0,7.0,25.0,0,1.0,,302.0,95113,1
60,50,15,5/12/2014,86.0,68.0,50.0,45.0,37.0,30.0,59.0,36.0,13.0,30.1,30.07,30.02,10.0,10.0,10.0,20.0,7.0,25.0,0,2.0,,311.0,95113,1
60,50,23,6/25/2015,89.0,74.0,58.0,58.0,53.0,51.0,78.0,54.0,29.0,29.91,29.88,29.83,10.0,10.0,10.0,15.0,6.0,25.0,0,0.0,,289.0,95113,1
60,50,7,4/23/2014,67.0,57.0,47.0,48.0,40.0,35.0,83.0,59.0,34.0,30.15,30.12,30.09,10.0,10.0,10.0,21.0,8.0,26.0,0,3.0,,298.0,95113,1
60,50,14,7/15/2015,83.0,72.0,60.0,60.0,56.0,54.0,78.0,59.0,40.0,29.91,29.87,29.83,10.0,10.0,10.0,16.0,9.0,20.0,0,3.0,,139.0,95113,1
60,50,2,12/1/2013,67.0,55.0,42.0,45.0,42.0,39.0,89.0,65.0,40.0,30.34,30.27,30.22,10.0,10.0,9.0,12.0,3.0,17.0,0,0.0,,317.0,95113,0
60,50,0,2/9/2014,63.0,60.0,57.0,55.0,53.0,52.0,93.0,80.0,67.0,30.18,30.14,30.1,10.0,10.0,10.0,17.0,10.0,23.0,0.05,8.0,,136.0,95113,0
60,50,16,6/16/2015,76.0,65.0,53.0,55.0,52.0,48.0,89.0,68.0,46.0,29.96,29.94,29.91,10.0,10.0,7.0,13.0,5.0,,0,2.0,,294.0,95113,1
60,50,17,8/20/2015,75.0,69.0,62.0,59.0,58.0,57.0,84.0,71.0,57.0,29.93,29.89,29.85,10.0,10.0,9.0,15.0,6.0,18.0,0,4.0,,318.0,95113,1
60,50,11,3/23/2014,69.0,58.0,47.0,51.0,46.0,43.0,93.0,65.0,37.0,30.18,30.13,30.08,10.0,10.0,7.0,15.0,5.0,17.0,0,3.0,,231.0,95113,0
60,50,10,1/16/2014,73.0,56.0,39.0,34.0,29.0,25.0,62.0,40.0,18.0,30.24,30.17,30.12,10.0,10.0,10.0,8.0,1.0,10.0,0,0.0,,107.0,95113,1
60,50,21,3/24/2015,67.0,59.0,50.0,51.0,47.0,41.0,80.0,66.0,52.0,30.32,30.27,30.22,10.0,10.0,10.0,16.0,8.0,22.0,0,5.0,,303.0,95113,1
60,50,6,4/1/2014,57.0,50.0,43.0,46.0,43.0,38.0,100.0,80.0,59.0,29.96,29.91,29.85,10.0,10.0,6.0,23.0,10.0,32.0,0.29,6.0,Rain,128.0,95113,1
60,50,19,3/11/2015,70.0,62.0,53.0,54.0,51.0,47.0,93.0,71.0,48.0,30.26,30.12,30.0,10.0,9.0,4.0,16.0,7.0,21.0,0.1,6.0,Rain,296.0,95113,1
60,50,18,1/20/2015,60.0,51.0,42.0,47.0,45.0,41.0,100.0,76.0,51.0,30.17,30.12,30.05,10.0,8.0,2.0,9.0,4.0,,0,4.0,,286.0,95113,1
60,50,7,1/4/2014,66.0,52.0,38.0,44.0,36.0,29.0,82.0,57.0,32.0,30.08,30.02,29.98,10.0,10.0,10.0,8.0,3.0,12.0,0,1.0,,227.0,95113,0
60,50,20,7/29/2014,83.0,73.0,62.0,61.0,58.0,54.0,90.0,65.0,39.0,30.06,30.02,29.96,10.0,10.0,10.0,15.0,7.0,18.0,0,1.0,,292.0,95113,1
60,50,12,10/9/2013,68.0,59.0,50.0,48.0,45.0,41.0,89.0,66.0,42.0,29.76,29.69,29.65,10.0,10.0,9.0,14.0,6.0,20.0,0,2.0,,126.0,95113,1
60,50,8,8/4/2014,79.0,69.0,59.0,58.0,56.0,54.0,84.0,66.0,48.0,30.01,29.96,29.94,10.0,10.0,10.0,18.0,8.0,22.0,0,5.0,,319.0,95113,1
60,50,5,2/5/2014,57.0,47.0,36.0,43.0,37.0,32.0,85.0,64.0,43.0,30.22,30.16,30.07,10.0,10.0,10.0,14.0,5.0,17.0,0.01,6.0,Rain,130.0,95113,1
60,50,7,6/12/2014,72.0,65.0,57.0,52.0,50.0,47.0,77.0,62.0,47.0,29.99,29.95,29.91,10.0,10.0,10.0,21.0,9.0,24.0,0,3.0,,309.0,95113,1
60,50,13,1/2/2015,52.0,42.0,31.0,33.0,28.0,25.0,78.0,57.0,35.0,30.23,30.17,30.12,10.0,10.0,10.0,9.0,2.0,10.0,0,1.0,,306.0,95113,1
60,50,23,3/16/2014,80.0,65.0,49.0,51.0,44.0,31.0,83.0,51.0,18.0,30.31,30.26,30.18,10.0,10.0,10.0,20.0,5.0,24.0,0,2.0,,314.0,95113,0
60,50,39,3/9/2014,81.0,69.0,57.0,51.0,46.0,26.0,77.0,46.0,15.0,30.18,30.12,30.06,10.0,10.0,10.0,15.0,4.0,20.0,0,5.0,,157.0,95113,0
60,50,21,6/5/2015,78.0,66.0,54.0,57.0,53.0,49.0,89.0,68.0,46.0,29.85,29.81,29.78,10.0,10.0,10.0,17.0,9.0,20.0,0,2.0,,233.0,95113,1
60,50,18,9/18/2013,83.0,69.0,55.0,53.0,49.0,43.0,83.0,54.0,24.0,29.92,29.87,29.82,10.0,10.0,10.0,20.0,6.0,23.0,0,0.0,,299.0,95113,1
60,50,5,12/3/2013,55.0,49.0,42.0,54.0,41.0,21.0,100.0,70.0,40.0,29.97,29.92,29.86,10.0,9.0,2.0,21.0,10.0,28.0,T,5.0,Rain,300.0,95113,1
60,50,12,11/17/2014,66.0,53.0,40.0,38.0,34.0,29.0,70.0,48.0,26.0,30.24,30.17,30.1,10.0,10.0,10.0,8.0,1.0,12.0,0,3.0,,143.0,95113,1
60,50,5,8/16/2015,97.0,82.0,66.0,63.0,56.0,50.0,87.0,54.0,21.0,29.91,29.86,29.79,9.0,7.0,5.0,17.0,5.0,20.0,0,4.0,,289.0,95113,0
60,50,23,5/13/2015,67.0,58.0,48.0,44.0,41.0,39.0,71.0,57.0,42.0,29.98,29.94,29.9,10.0,10.0,10.0,17.0,6.0,22.0,0,4.0,,291.0,95113,1
60,50,8,4/2/2014,61.0,52.0,43.0,45.0,42.0,39.0,100.0,73.0,46.0,30.12,30.03,29.9,10.0,10.0,10.0,16.0,7.0,20.0,0.01,2.0,,311.0,95113,1
60,50,24,7/20/2014,78.0,71.0,63.0,61.0,59.0,58.0,90.0,71.0,52.0,29.99,29.95,29.93,10.0,10.0,10.0,18.0,8.0,24.0,0,5.0,,310.0,95113,0
60,50,21,7/18/2015,79.0,69.0,58.0,57.0,55.0,53.0,84.0,65.0,46.0,30.01,29.9,29.84,10.0,10.0,10.0,20.0,7.0,23.0,0,3.0,,297.0,95113,0
60,50,19,1/23/2015,66.0,52.0,37.0,41.0,39.0,35.0,92.0,63.0,34.0,30.37,30.3,30.22,10.0,10.0,9.0,14.0,4.0,21.0,0,0.0,,310.0,95113,1
60,50,4,12/25/2014,58.0,51.0,43.0,39.0,33.0,24.0,83.0,57.0,30.0,30.14,30.09,30.05,10.0,10.0,10.0,22.0,12.0,29.0,0,0.0,,291.0,95113,1
60,50,16,1/29/2015,65.0,54.0,42.0,50.0,46.0,40.0,100.0,78.0,56.0,30.17,30.13,30.06,10.0,6.0,0.0,10.0,2.0,13.0,0,4.0,Fog,280.0,95113,1
60,50,16,5/13/2014,95.0,75.0,55.0,44.0,38.0,25.0,55.0,32.0,9.0,30.14,30.09,30.04,10.0,10.0,10.0,18.0,5.0,25.0,0,0.0,,286.0,95113,1
60,50,10,9/7/2014,74.0,66.0,58.0,56.0,54.0,53.0,86.0,70.0,53.0,29.91,29.87,29.81,10.0,10.0,8.0,17.0,6.0,18.0,0,3.0,,313.0,95113,0
60,50,10,6/18/2015,75.0,64.0,53.0,55.0,50.0,45.0,89.0,62.0,35.0,30.02,29.98,29.93,10.0,10.0,9.0,15.0,6.0,22.0,0,1.0,,304.0,95113,1
60,50,8,6/9/2014,88.0,76.0,63.0,62.0,56.0,50.0,87.0,61.0,35.0,29.76,29.72,29.68,10.0,10.0,10.0,18.0,6.0,22.0,0,0.0,,286.0,95113,1
60,50,13,7/10/2014,80.0,69.0,58.0,58.0,55.0,53.0,86.0,66.0,45.0,29.94,29.9,29.85,10.0,10.0,10.0,17.0,9.0,24.0,0,1.0,,171.0,95113,1
60,50,11,1/9/2014,59.0,53.0,46.0,52.0,46.0,42.0,96.0,79.0,61.0,30.27,30.23,30.2,10.0,8.0,1.0,18.0,4.0,21.0,0.01,6.0,Rain,303.0,95113,1
60,50,12,9/11/2013,77.0,68.0,59.0,58.0,55.0,53.0,84.0,65.0,46.0,30.0,29.96,29.9,10.0,10.0,10.0,17.0,8.0,21.0,0,4.0,,12.0,95113,1
60,50,4,12/14/2014,60.0,52.0,43.0,46.0,44.0,42.0,93.0,74.0,55.0,30.14,30.06,30.0,10.0,10.0,7.0,13.0,5.0,17.0,0.05,5.0,Rain,126.0,95113,0
60,50,15,4/20/2015,69.0,62.0,55.0,53.0,50.0,48.0,83.0,69.0,55.0,29.91,29.87,29.83,10.0,9.0,4.0,14.0,6.0,18.0,0,5.0,,300.0,95113,1
60,50,9,3/27/2014,65.0,56.0,46.0,47.0,45.0,42.0,93.0,71.0,48.0,30.15,30.07,29.99,10.0,10.0,10.0,13.0,6.0,20.0,0,5.0,,69.0,95113,1
60,50,7,6/14/2015,75.0,65.0,55.0,57.0,52.0,50.0,86.0,66.0,46.0,29.87,29.81,29.76,10.0,10.0,10.0,16.0,9.0,21.0,0,2.0,,158.0,95113,0
60,50,20,7/27/2015,86.0,72.0,58.0,57.0,53.0,50.0,80.0,56.0,32.0,29.96,29.92,29.87,10.0,10.0,10.0,23.0,7.0,28.0,0,0.0,,288.0,95113,1
60,50,17,5/9/2015,68.0,61.0,54.0,51.0,48.0,46.0,83.0,68.0,52.0,30.11,30.08,30.04,10.0,10.0,10.0,17.0,7.0,22.0,0,5.0,,321.0,95113,0
60,50,8,3/28/2014,71.0,61.0,50.0,49.0,47.0,45.0,89.0,65.0,40.0,30.2,30.15,30.1,10.0,10.0,10.0,15.0,7.0,18.0,0,5.0,,132.0,95113,1
60,50,8,4/4/2014,61.0,55.0,49.0,49.0,46.0,41.0,86.0,69.0,51.0,30.06,30.03,29.98,10.0,9.0,2.0,16.0,8.0,22.0,0.09,6.0,Rain,234.0,95113,1
60,50,14,12/13/2013,59.0,47.0,34.0,42.0,35.0,30.0,89.0,65.0,40.0,30.35,30.29,30.25,10.0,9.0,7.0,10.0,2.0,13.0,0,2.0,,88.0,95113,1
60,50,15,8/28/2015,95.0,80.0,64.0,64.0,56.0,52.0,93.0,60.0,26.0,29.96,29.89,29.83,10.0,10.0,10.0,25.0,7.0,30.0,0,3.0,,307.0,95113,1
60,50,15,1/3/2015,55.0,43.0,31.0,35.0,31.0,28.0,85.0,63.0,41.0,30.32,30.26,30.2,10.0,10.0,10.0,8.0,2.0,10.0,0,1.0,,173.0,95113,0
60,50,11,3/24/2014,75.0,61.0,46.0,47.0,43.0,33.0,86.0,54.0,21.0,30.15,30.09,30.02,10.0,10.0,10.0,15.0,6.0,18.0,0,0.0,,293.0,95113,1
60,50,13,11/12/2014,67.0,61.0,54.0,47.0,45.0,43.0,77.0,60.0,42.0,30.03,29.99,29.96,10.0,10.0,10.0,15.0,4.0,17.0,T,7.0,,65.0,95113,1
60,50,11,3/12/2014,77.0,64.0,50.0,33.0,26.0,13.0,38.0,26.0,14.0,30.08,30.02,29.98,10.0,10.0,10.0,18.0,7.0,28.0,0,0.0,,333.0,95113,1
60,50,11,3/2/2015,61.0,52.0,43.0,47.0,42.0,38.0,83.0,69.0,55.0,29.99,29.87,29.8,10.0,10.0,9.0,14.0,4.0,18.0,0.05,4.0,Rain,130.0,95113,1
60,50,4,10/9/2014,75.0,65.0,55.0,58.0,55.0,52.0,93.0,73.0,53.0,30.0,29.95,29.91,10.0,10.0,8.0,14.0,5.0,15.0,0,2.0,,300.0,95113,1
60,50,19,5/19/2015,66.0,60.0,54.0,51.0,48.0,46.0,77.0,69.0,60.0,30.12,30.07,30.01,10.0,10.0,10.0,20.0,7.0,23.0,T,6.0,,297.0,95113,1
60,50,9,4/4/2015,66.0,54.0,41.0,41.0,37.0,32.0,70.0,55.0,39.0,30.13,30.06,29.99,10.0,10.0,10.0,24.0,8.0,30.0,0,2.0,,314.0,95113,0
60,50,16,12/30/2013,66.0,50.0,34.0,35.0,31.0,27.0,75.0,50.0,24.0,30.26,30.22,30.18,10.0,10.0,9.0,7.0,2.0,,0,3.0,,74.0,95113,1
60,50,14,6/13/2015,85.0,72.0,59.0,61.0,56.0,52.0,90.0,66.0,42.0,29.78,29.76,29.73,10.0,10.0,9.0,17.0,6.0,21.0,0,0.0,,289.0,95113,0
60,50,13,5/17/2014,72.0,63.0,54.0,51.0,49.0,42.0,86.0,65.0,44.0,30.02,30.0,29.98,10.0,10.0,10.0,20.0,8.0,23.0,0,4.0,,318.0,95113,0
60,50,15,7/7/2014,82.0,71.0,59.0,58.0,56.0,55.0,87.0,66.0,45.0,29.94,29.89,29.83,10.0,10.0,10.0,14.0,5.0,17.0,0,4.0,,299.0,95113,1
60,50,5,4/13/2014,75.0,65.0,54.0,53.0,48.0,46.0,80.0,61.0,41.0,30.06,30.0,29.95,10.0,10.0,10.0,18.0,6.0,22.0,0,3.0,,281.0,95113,0
60,50,19,1/12/2015,61.0,51.0,41.0,50.0,45.0,39.0,100.0,80.0,60.0,30.27,30.21,30.19,10.0,9.0,6.0,9.0,3.0,13.0,0.01,2.0,,281.0,95113,1
60,50,19,9/12/2013,76.0,69.0,62.0,59.0,58.0,57.0,84.0,71.0,57.0,29.98,29.95,29.9,10.0,10.0,8.0,18.0,6.0,22.0,0,5.0,,311.0,95113,1
60,50,15,8/14/2014,79.0,70.0,61.0,60.0,57.0,55.0,90.0,68.0,45.0,29.97,29.93,29.88,10.0,10.0,10.0,16.0,6.0,20.0,0,3.0,,299.0,95113,1
60,50,12,2/3/2014,56.0,48.0,39.0,42.0,38.0,33.0,89.0,68.0,46.0,30.09,30.04,29.98,10.0,10.0,10.0,18.0,6.0,26.0,0,3.0,,266.0,95113,1
60,50,13,9/5/2014,76.0,67.0,57.0,58.0,56.0,54.0,93.0,71.0,49.0,29.91,29.86,29.81,10.0,10.0,8.0,16.0,8.0,20.0,0,2.0,,185.0,95113,1
60,50,14,10/3/2013,73.0,62.0,51.0,47.0,38.0,31.0,72.0,46.0,20.0,30.07,30.01,29.95,10.0,10.0,10.0,23.0,10.0,28.0,0,0.0,,279.0,95113,1
60,50,8,8/10/2014,80.0,70.0,59.0,58.0,55.0,53.0,78.0,62.0,45.0,30.01,29.97,29.92,10.0,10.0,10.0,16.0,6.0,18.0,0,5.0,,3.0,95113,0
60,50,4,12/12/2013,59.0,44.0,29.0,34.0,30.0,26.0,82.0,58.0,33.0,30.27,30.22,30.17,10.0,10.0,7.0,8.0,1.0,8.0,0,1.0,,321.0,95113,1
60,50,20,8/26/2015,86.0,73.0,59.0,59.0,54.0,40.0,90.0,55.0,20.0,30.04,30.0,29.96,10.0,9.0,5.0,14.0,5.0,17.0,0,3.0,,303.0,95113,1
60,50,10,6/3/2014,78.0,66.0,54.0,53.0,49.0,45.0,83.0,58.0,33.0,29.94,29.9,29.86,10.0,10.0,10.0,16.0,9.0,20.0,0,1.0,,209.0,95113,1
60,50,19,8/2/2014,75.0,68.0,60.0,59.0,58.0,57.0,97.0,79.0,61.0,29.96,29.92,29.89,10.0,9.0,7.0,15.0,7.0,17.0,0,4.0,,302.0,95113,0
60,50,13,10/12/2013,71.0,59.0,46.0,50.0,46.0,42.0,96.0,68.0,40.0,30.02,29.98,29.92,10.0,10.0,9.0,18.0,5.0,24.0,0,1.0,,327.0,95113,0
60,50,13,10/26/2014,68.0,60.0,51.0,53.0,48.0,40.0,93.0,65.0,37.0,30.17,30.13,30.06,10.0,10.0,10.0,21.0,7.0,25.0,0,3.0,,275.0,95113,0
60,50,17,1/25/2014,71.0,58.0,44.0,42.0,37.0,32.0,76.0,50.0,24.0,30.27,30.19,30.13,10.0,10.0,9.0,7.0,2.0,12.0,0,1.0,,298.0,95113,0
60,50,11,4/17/2015,79.0,65.0,50.0,50.0,39.0,33.0,83.0,51.0,19.0,30.09,30.05,30.0,10.0,10.0,10.0,17.0,6.0,22.0,0,0.0,,274.0,95113,1
60,50,1,7/2/2015,79.0,71.0,63.0,61.0,60.0,58.0,87.0,71.0,54.0,29.96,29.93,29.89,10.0,10.0,10.0,13.0,7.0,16.0,0,5.0,,302.0,95113,1
60,50,5,2/28/2015,60.0,52.0,44.0,45.0,43.0,37.0,86.0,69.0,51.0,29.93,29.81,29.74,10.0,10.0,9.0,18.0,4.0,21.0,0.04,5.0,Rain,143.0,95113,0
60,50,12,7/1/2015,91.0,77.0,62.0,62.0,59.0,50.0,90.0,61.0,31.0,29.91,29.87,29.82,10.0,10.0,10.0,17.0,7.0,22.0,T,4.0,,301.0,95113,1
60,50,22,6/20/2015,80.0,68.0,56.0,56.0,53.0,51.0,86.0,64.0,42.0,29.93,29.89,29.85,10.0,10.0,10.0,14.0,6.0,17.0,0,4.0,,293.0,95113,0
60,50,9,5/2/2014,84.0,69.0,54.0,53.0,45.0,38.0,86.0,53.0,20.0,30.09,30.06,30.01,10.0,10.0,10.0,18.0,6.0,23.0,0,4.0,,309.0,95113,1
60,50,10,3/4/2014,68.0,61.0,53.0,55.0,54.0,52.0,93.0,78.0,63.0,30.12,30.08,30.04,10.0,10.0,10.0,22.0,6.0,28.0,0,7.0,,136.0,95113,1
60,50,19,5/18/2015,65.0,60.0,54.0,49.0,47.0,46.0,77.0,67.0,56.0,30.13,30.08,30.05,10.0,10.0,10.0,12.0,7.0,13.0,0,7.0,,304.0,95113,1
60,50,22,9/26/2013,74.0,63.0,51.0,50.0,42.0,31.0,77.0,50.0,22.0,29.99,29.91,29.85,10.0,10.0,10.0,18.0,8.0,23.0,0,0.0,,298.0,95113,1
60,50,15,1/8/2015,61.0,53.0,44.0,45.0,43.0,41.0,89.0,72.0,55.0,30.1,30.04,30.01,10.0,10.0,8.0,7.0,1.0,10.0,0,5.0,,118.0,95113,1
60,50,16,9/4/2014,80.0,70.0,59.0,58.0,56.0,54.0,87.0,65.0,42.0,29.8,29.74,29.72,10.0,9.0,6.0,16.0,7.0,20.0,0,4.0,,142.0,95113,1
60,50,9,12/26/2013,69.0,53.0,37.0,40.0,36.0,33.0,85.0,57.0,29.0,30.26,30.22,30.16,10.0,10.0,10.0,7.0,2.0,9.0,0,0.0,,146.0,95113,1
60,50,14,1/18/2015,63.0,55.0,47.0,54.0,50.0,46.0,100.0,86.0,72.0,30.32,30.28,30.25,10.0,6.0,4.0,14.0,2.0,15.0,0,5.0,,244.0,95113,0
60,50,5,4/20/2014,80.0,65.0,50.0,52.0,46.0,38.0,89.0,55.0,21.0,30.14,30.1,30.05,10.0,10.0,10.0,20.0,5.0,25.0,0,1.0,,296.0,95113,0
60,50,21,10/21/2014,70.0,59.0,48.0,50.0,47.0,41.0,93.0,65.0,37.0,30.11,30.06,30.01,10.0,10.0,10.0,20.0,5.0,23.0,0,2.0,,294.0,95113,1
60,50,2,2/8/2014,61.0,57.0,53.0,54.0,51.0,48.0,86.0,79.0,72.0,30.18,30.13,30.09,10.0,10.0,10.0,22.0,13.0,29.0,0.02,7.0,Rain,126.0,95113,0
60,50,17,9/10/2014,88.0,72.0,55.0,60.0,56.0,46.0,100.0,62.0,24.0,29.96,29.9,29.81,10.0,9.0,4.0,14.0,4.0,16.0,0,1.0,,291.0,95113,1
60,50,5,12/11/2013,57.0,44.0,31.0,31.0,28.0,25.0,75.0,53.0,30.0,30.25,30.21,30.17,10.0,10.0,10.0,10.0,1.0,12.0,0,0.0,,177.0,95113,1
60,50,12,8/11/2014,79.0,69.0,58.0,58.0,56.0,54.0,87.0,68.0,48.0,29.96,29.93,29.88,10.0,10.0,10.0,14.0,6.0,18.0,0,1.0,,258.0,95113,1
60,50,9,1/18/2014,70.0,54.0,37.0,34.0,31.0,28.0,70.0,46.0,22.0,30.17,30.11,30.06,10.0,10.0,9.0,7.0,1.0,12.0,0,0.0,,330.0,95113,0
60,50,5,9/21/2014,74.0,68.0,62.0,59.0,58.0,56.0,84.0,71.0,57.0,30.02,29.99,29.93,10.0,10.0,10.0,18.0,8.0,24.0,0,5.0,,317.0,95113,0
60,50,9,12/5/2013,52.0,41.0,29.0,25.0,20.0,14.0,78.0,50.0,22.0,30.18,30.14,30.09,10.0,10.0,10.0,10.0,3.0,13.0,0,0.0,,219.0,95113,1
60,50,18,12/10/2014,64.0,58.0,52.0,55.0,52.0,50.0,100.0,83.0,65.0,30.07,29.95,29.76,10.0,8.0,1.0,23.0,9.0,29.0,0,6.0,,116.0,95113,1
60,50,14,12/9/2014,64.0,58.0,51.0,57.0,54.0,51.0,100.0,87.0,73.0,30.2,30.13,30.07,10.0,10.0,8.0,12.0,3.0,15.0,0,6.0,,116.0,95113,1
60,50,23,4/28/2015,70.0,62.0,53.0,53.0,50.0,48.0,89.0,70.0,51.0,30.06,30.04,30.01,10.0,10.0,8.0,16.0,6.0,21.0,0,5.0,,313.0,95113,1
60,50,19,2/4/2015,73.0,59.0,44.0,53.0,48.0,41.0,89.0,65.0,41.0,30.09,30.05,30.01,10.0,10.0,7.0,14.0,4.0,18.0,0,4.0,,258.0,95113,1
60,50,6,9/28/2014,75.0,67.0,58.0,58.0,55.0,53.0,90.0,68.0,46.0,29.96,29.88,29.84,10.0,10.0,10.0,18.0,8.0,22.0,0,4.0,,125.0,95113,0
60,50,4,12/9/2013,51.0,38.0,25.0,23.0,20.0,13.0,75.0,48.0,21.0,30.42,30.37,30.32,10.0,10.0,10.0,9.0,3.0,10.0,0,0.0,,149.0,95113,1
60,50,7,11/8/2014,74.0,62.0,49.0,55.0,51.0,48.0,96.0,70.0,44.0,30.13,30.07,30.0,10.0,10.0,8.0,8.0,1.0,10.0,0,3.0,,305.0,95113,0
60,50,14,8/28/2014,82.0,71.0,60.0,60.0,58.0,55.0,90.0,66.0,42.0,30.08,30.02,29.94,10.0,9.0,7.0,15.0,6.0,26.0,0,2.0,,309.0,95113,1
60,50,25,10/24/2014,78.0,65.0,51.0,57.0,53.0,49.0,96.0,69.0,41.0,29.98,29.93,29.88,10.0,10.0,9.0,20.0,6.0,29.0,0,2.0,,166.0,95113,1
60,50,10,11/2/2013,69.0,57.0,45.0,52.0,45.0,39.0,83.0,62.0,40.0,30.04,29.98,29.94,10.0,10.0,10.0,16.0,6.0,23.0,0,2.0,,324.0,95113,0
60,50,2,12/8/2013,47.0,39.0,31.0,30.0,23.0,14.0,82.0,57.0,31.0,30.33,30.27,30.22,10.0,10.0,10.0,14.0,4.0,20.0,0,2.0,,316.0,95113,0
60,50,10,6/7/2015,82.0,71.0,60.0,59.0,56.0,54.0,84.0,63.0,42.0,29.92,29.88,29.82,10.0,10.0,8.0,14.0,5.0,17.0,0,3.0,,295.0,95113,0
60,50,4,5/31/2015,69.0,63.0,57.0,53.0,51.0,48.0,80.0,67.0,53.0,29.99,29.93,29.9,10.0,10.0,7.0,17.0,7.0,22.0,0,6.0,,311.0,95113,0
60,50,12,12/14/2013,62.0,48.0,34.0,36.0,34.0,31.0,89.0,63.0,36.0,30.4,30.35,30.31,10.0,10.0,10.0,9.0,1.0,12.0,0,0.0,,244.0,95113,0
60,50,21,8/27/2015,92.0,78.0,63.0,57.0,51.0,40.0,78.0,48.0,18.0,30.05,30.01,29.96,10.0,10.0,10.0,23.0,6.0,29.0,0,3.0,,313.0,95113,1
60,50,13,11/10/2013,65.0,55.0,45.0,51.0,47.0,45.0,100.0,76.0,52.0,30.13,30.1,30.04,10.0,5.0,0.0,12.0,4.0,14.0,0,3.0,Fog,123.0,95113,0
60,50,7,12/16/2013,67.0,52.0,37.0,37.0,34.0,30.0,85.0,57.0,28.0,30.23,30.17,30.12,10.0,10.0,9.0,6.0,1.0,10.0,0,4.0,,126.0,95113,1
60,50,13,4/8/2015,64.0,56.0,48.0,45.0,42.0,37.0,71.0,57.0,43.0,30.19,30.12,30.08,10.0,10.0,10.0,17.0,7.0,22.0,0,4.0,,259.0,95113,1
60,50,11,5/5/2015,70.0,60.0,50.0,47.0,44.0,41.0,83.0,62.0,40.0,29.98,29.95,29.9,10.0,10.0,10.0,20.0,8.0,23.0,0,1.0,,133.0,95113,1
60,50,9,2/21/2015,71.0,58.0,45.0,50.0,45.0,40.0,83.0,58.0,33.0,29.97,29.9,29.83,10.0,10.0,10.0,17.0,3.0,20.0,0,2.0,,300.0,95113,0
60,50,5,4/26/2015,72.0,60.0,48.0,51.0,43.0,37.0,80.0,55.0,29.0,30.16,30.1,30.06,10.0,10.0,10.0,21.0,8.0,24.0,0,2.0,,317.0,95113,0
60,50,8,2/4/2014,56.0,46.0,36.0,38.0,36.0,33.0,85.0,68.0,50.0,30.18,30.12,30.08,10.0,10.0,10.0,14.0,5.0,17.0,0,4.0,,212.0,95113,1
60,50,9,7/19/2015,89.0,77.0,64.0,62.0,57.0,54.0,73.0,56.0,38.0,30.06,30.03,29.99,10.0,10.0,10.0,20.0,6.0,22.0,T,5.0,Rain,291.0,95113,0
60,50,13,2/10/2015,64.0,54.0,44.0,48.0,45.0,42.0,93.0,75.0,56.0,30.24,30.17,30.08,10.0,10.0,6.0,15.0,4.0,18.0,0,3.0,,256.0,95113,1
60,50,12,6/17/2015,79.0,66.0,53.0,54.0,52.0,49.0,86.0,64.0,42.0,29.96,29.92,29.88,10.0,9.0,6.0,15.0,6.0,20.0,0,3.0,,312.0,95113,1
60,50,26,10/19/2013,78.0,64.0,49.0,54.0,48.0,44.0,83.0,57.0,30.0,30.09,30.03,29.99,10.0,10.0,9.0,10.0,2.0,15.0,0,0.0,,295.0,95113,0
60,50,13,3/17/2015,69.0,61.0,52.0,52.0,48.0,41.0,86.0,62.0,37.0,30.14,30.08,30.04,10.0,10.0,10.0,20.0,8.0,24.0,0,4.0,,316.0,95113,1
60,50,11,4/21/2014,74.0,62.0,50.0,49.0,44.0,38.0,77.0,53.0,29.0,30.09,30.04,29.99,10.0,10.0,10.0,24.0,6.0,29.0,0,5.0,,302.0,95113,1
60,50,11,7/9/2015,74.0,68.0,61.0,57.0,54.0,52.0,78.0,66.0,53.0,29.9,29.87,29.83,10.0,10.0,10.0,17.0,8.0,22.0,T,7.0,,281.0,95113,1
60,50,5,11/14/2013,64.0,57.0,49.0,54.0,51.0,46.0,100.0,84.0,67.0,30.12,30.03,29.91,10.0,6.0,1.0,14.0,4.0,16.0,0,6.0,,317.0,95113,1
60,50,11,12/27/2014,55.0,44.0,33.0,36.0,31.0,28.0,82.0,59.0,35.0,30.39,30.34,30.28,10.0,10.0,10.0,8.0,2.0,10.0,0,3.0,,127.0,95113,0
60,50,19,12/20/2014,62.0,58.0,54.0,55.0,53.0,49.0,100.0,82.0,64.0,30.27,30.18,30.12,10.0,8.0,2.0,10.0,2.0,13.0,0.06,8.0,Rain,144.0,95113,0
60,50,19,2/23/2015,62.0,54.0,45.0,31.0,22.0,14.0,42.0,31.0,20.0,30.24,30.05,29.88,10.0,10.0,10.0,20.0,9.0,25.0,0,1.0,,309.0,95113,1
60,50,18,9/27/2013,78.0,64.0,49.0,45.0,40.0,33.0,80.0,50.0,20.0,30.1,30.05,30.0,10.0,10.0,9.0,18.0,5.0,23.0,0,0.0,,311.0,95113,1
60,50,31,6/27/2015,81.0,69.0,57.0,58.0,55.0,50.0,86.0,62.0,37.0,30.0,29.97,29.94,10.0,10.0,10.0,16.0,9.0,21.0,0,5.0,,251.0,95113,0
60,50,20,8/27/2014,83.0,72.0,60.0,59.0,56.0,52.0,84.0,60.0,36.0,30.07,30.02,29.98,10.0,10.0,10.0,16.0,6.0,20.0,0,0.0,,282.0,95113,1
60,50,12,12/29/2014,56.0,50.0,43.0,43.0,40.0,37.0,89.0,72.0,55.0,30.25,30.18,30.12,10.0,10.0,10.0,15.0,4.0,18.0,0,4.0,,229.0,95113,1
60,50,14,6/24/2015,81.0,68.0,55.0,55.0,52.0,48.0,86.0,62.0,37.0,29.96,29.92,29.87,10.0,10.0,10.0,15.0,5.0,18.0,0,0.0,,298.0,95113,1
60,50,19,8/31/2014,82.0,70.0,58.0,58.0,56.0,53.0,90.0,66.0,42.0,29.94,29.89,29.83,10.0,10.0,10.0,20.0,6.0,22.0,0,0.0,,294.0,95113,0
60,50,23,5/22/2014,76.0,66.0,55.0,55.0,51.0,49.0,83.0,63.0,43.0,30.04,29.96,29.93,10.0,10.0,10.0,20.0,6.0,23.0,0,5.0,,16.0,95113,1
60,50,15,1/29/2014,68.0,62.0,55.0,59.0,56.0,49.0,100.0,84.0,68.0,30.22,30.13,29.99,10.0,7.0,2.0,16.0,4.0,20.0,0.01,7.0,Rain,312.0,95113,1
60,50,9,2/1/2014,60.0,49.0,37.0,41.0,33.0,21.0,82.0,52.0,22.0,30.17,30.12,30.09,10.0,10.0,10.0,13.0,4.0,16.0,0,1.0,,335.0,95113,0
60,50,13,6/24/2014,75.0,66.0,57.0,54.0,51.0,48.0,72.0,57.0,41.0,30.01,29.99,29.97,10.0,10.0,10.0,21.0,7.0,26.0,0,1.0,,318.0,95113,1
60,50,16,5/11/2015,66.0,58.0,50.0,47.0,45.0,40.0,83.0,68.0,52.0,30.0,29.96,29.91,10.0,10.0,10.0,18.0,7.0,23.0,0,3.0,,238.0,95113,1
60,50,11,2/11/2015,68.0,55.0,41.0,50.0,45.0,39.0,93.0,69.0,45.0,30.18,30.14,30.1,10.0,10.0,2.0,7.0,2.0,10.0,0,4.0,,225.0,95113,1
60,50,21,7/23/2014,78.0,69.0,59.0,60.0,56.0,54.0,84.0,65.0,45.0,30.14,30.1,30.05,10.0,10.0,10.0,20.0,8.0,26.0,0,2.0,,308.0,95113,1
